id,date,fchange,fingchange,followers,following,
4552,2017-01-10,172,-40,80342507,"632,214  ",80342507
4553,2017-01-09,"-1,014",-20,80342335,"632,254  ",80342335
4554,2017-01-08,-496,-27,80343349,"632,274  ",80343349
4555,2017-01-07,-121,-25,80343845,"632,301  ",80343845
4556,2017-01-06,"-2,295",-25,80343966,"632,326  ",80343966
4557,2017-01-05,"-29,711",-33,80346261,"632,351  ",80346261
4558,2017-01-04,"16,938",-36,80375972,"632,384  ",80375972
4559,2017-01-03,"16,951",-33,80359034,"632,420  ",80359034
4560,2017-01-02,"16,483",-19,"80,342,083 
 ","632,453","80,342,083 
 "
4561,2017-01-01,"15,173",-16,"80,325,600  ","632,472  ","80,325,600  "
4562,2016-12-31,"13,441",-23,"80,310,427  ","632,488  ","80,310,427  "
4563,2016-12-30,"11,971",-16,"80,296,986  ","632,511  ","80,296,986  "
4564,2016-12-29,"-10,785",-24,"80,285,015  ","632,527  ","80,285,015  "
4565,2016-12-28,"14,672",-25,"80,295,800  ","632,551  ","80,295,800  "
4566,2016-12-27,"11,200",-20,"80,281,128  ","632,576  ","80,281,128  "
4567,2016-12-26,"9,784",-6,"80,269,928  ","632,596  ","80,269,928  "
4568,2016-12-25,"11,137",-12,"80,260,144  ","632,602  ","80,260,144  "
4569,2016-12-24,"12,958",-26,"80,249,007  ","632,614  ","80,249,007  "
4570,2016-12-23,"4,622",-13,"80,236,049  ","632,640  ","80,236,049  "
4571,2016-12-22,"9,445",-19,"80,231,427  ","632,653  ","80,231,427  "
4572,2016-12-21,"13,722",-16,"80,221,982  ","632,672  ","80,221,982  "
4573,2016-12-20,"13,701",-20,"80,208,260  ","632,688  ","80,208,260  "
4574,2016-12-19,"15,276",-12,"80,194,559  ","632,708  ","80,194,559  "
4575,2016-12-18,"12,080",-10,"80,179,283  ","632,720  ","80,179,283  "
4576,2016-12-17,"9,092",-15,"80,167,203  ","632,730  ","80,167,203  "
4577,2016-12-16,"3,983",-12,"80,158,111  ","632,745  ","80,158,111  "
4578,2016-12-15,"2,866",-20,"80,154,128  ","632,757  ","80,154,128  "
4579,2016-12-14,"13,277",-13,"80,151,262  ","632,777  ","80,151,262  "
4580,2016-12-13,"10,223",-19,"80,137,985  ","632,790  ","80,137,985  "
4581,2016-12-12,"11,738",-13,"80,127,762  ","632,809  ","80,127,762  "
4582,2016-12-11,"11,845",-4,"80,116,024  ","632,822  ","80,116,024  "
4583,2016-12-10,"11,710",-14,"80,104,179  ","632,826  ","80,104,179  "
4584,2016-12-09,"12,530",-20,"80,092,469  ","632,840  ","80,092,469  "
4585,2016-12-08,"9,262",-14,"80,079,939  ","632,860  ","80,079,939  "
4586,2016-12-07,"3,653",-24,"80,070,677  ","632,874  ","80,070,677  "
4587,2016-12-06,"18,509",-15,"80,067,024  ","632,898  ","80,067,024  "
4588,2016-12-05,"19,473",-14,"80,048,515  ","632,913  ","80,048,515  "
4589,2016-12-04,"14,111",3,"80,029,042  ","632,927  ","80,029,042  "
4590,2016-12-03,"12,807",-23,"80,014,931  ","632,924  ","80,014,931  "
4591,2016-12-02,"13,157",-21,"80,002,124  ","632,947  ","80,002,124  "
4592,2016-12-01,"40,937",-21,"79,988,967  ","632,968  ","79,988,967  "
4593,2016-11-30,"16,402",-26,"79,948,030  ","632,989  ","79,948,030  "
4594,2016-11-29,"17,032",-20,"79,931,628  ","633,015  ","79,931,628  "
4595,2016-11-28,"33,802",-13,"79,914,596  ","633,035  ","79,914,596  "
4596,2016-11-27,"39,270",-8,"79,880,794  ","633,048  ","79,880,794  "
4597,2016-11-26,"33,831",-15,"79,841,524  ","633,056  ","79,841,524  "
4598,2016-11-25,"34,669",-13,"79,807,693  ","633,071  ","79,807,693  "
4599,2016-11-24,"52,489",-14,"79,773,024  ","633,084  ","79,773,024  "
4600,2016-11-23,"55,155",-14,"79,720,535  ","633,098  ","79,720,535  "
4601,2016-11-22,"36,817",-31,"79,665,380  ","633,112  ","79,665,380  "
4602,2016-11-21,"44,781",-10,"79,628,563  ","633,143  ","79,628,563  "
4603,2016-11-20,"43,243",-6,"79,583,782  ","633,153  ","79,583,782  "
4604,2016-11-19,"37,379",-19,"79,540,539  ","633,159  ","79,540,539  "
4605,2016-11-18,"38,827",-13,"79,503,160  ","633,178  ","79,503,160  "
4606,2016-11-17,"43,296",-17,"79,464,333  ","633,191  ","79,464,333  "
4607,2016-11-16,"56,955",-8,"79,421,037  ","633,208  ","79,421,037  "
4608,2016-11-15,"50,348",-22,"79,364,082  ","633,216  ","79,364,082  "
4609,2016-11-14,"64,064",-30,"79,313,734  ","633,238  ","79,313,734  "
4610,2016-11-13,"62,800",-10,"79,249,670  ","633,268  ","79,249,670  "
4611,2016-11-12,"89,642",-7,"79,186,870  ","633,278  ","79,186,870  "
4612,2016-11-11,"84,859",-19,"79,097,228  ","633,285  ","79,097,228  "
4613,2016-11-10,"215,252",-98,"79,012,369  ","633,304  ","79,012,369  "
4614,2016-11-09,"95,727",-14,"78,797,117  ","633,402  ","78,797,117  "
4615,2016-11-08,"42,043",-19,"78,701,390  ","633,416  ","78,701,390  "
4616,2016-11-07,"33,056",-21,"78,659,347  ","633,435  ","78,659,347  "
4617,2016-11-06,"30,703",-6,"78,626,291  ","633,456  ","78,626,291  "
4618,2016-11-05,"29,896",-17,"78,595,588  ","633,462  ","78,595,588  "
4619,2016-11-04,"29,105",-14,"78,565,692  ","633,479  ","78,565,692  "
4620,2016-11-03,"31,901",-22,"78,536,587  ","633,493  ","78,536,587  "
4621,2016-11-02,"22,146",-22,"78,504,686  ","633,515  ","78,504,686  "
4622,2016-11-01,"26,712",-8,"78,482,540  ","633,537  ","78,482,540  "
4623,2016-10-31,"27,822",-6,"78,455,828  ","633,545  ","78,455,828  "
4624,2016-10-30,"28,485",-13,"78,428,006  ","633,551  ","78,428,006  "
4625,2016-10-29,"29,353",-15,"78,399,521  ","633,564  ","78,399,521  "
4626,2016-10-28,"27,508",-19,"78,370,168  ","633,579  ","78,370,168  "
4627,2016-10-27,"30,101",-22,"78,342,660  ","633,598  ","78,342,660  "
4628,2016-10-26,"28,335",-28,"78,312,559  ","633,620  ","78,312,559  "
4629,2016-10-25,"27,775",-24,"78,284,224  ","633,648  ","78,284,224  "
4630,2016-10-24,"29,688",-8,"78,256,449  ","633,672  ","78,256,449  "
4631,2016-10-23,"31,133",-12,"78,226,761  ","633,680  ","78,226,761  "
4632,2016-10-22,"24,896",-14,"78,195,628  ","633,692  ","78,195,628  "
4633,2016-10-21,"29,674",-12,"78,170,732  ","633,706  ","78,170,732  "
4634,2016-10-20,"34,659",-12,"78,141,058  ","633,718  ","78,141,058  "
4635,2016-10-19,"23,514",-26,"78,106,399  ","633,730  ","78,106,399  "
4636,2016-10-18,"24,752",-14,"78,082,885  ","633,756  ","78,082,885  "
4637,2016-10-17,"25,583",-12,"78,058,133  ","633,770  ","78,058,133  "
4638,2016-10-16,"23,558",-14,"78,032,550  ","633,782  ","78,032,550  "
4639,2016-10-15,"21,059",-10,"78,008,992  ","633,796  ","78,008,992  "
4640,2016-10-14,"28,294",-24,"77,987,933  ","633,806  ","77,987,933  "
4641,2016-10-13,"26,721",-19,"77,959,639  ","633,830  ","77,959,639  "
4642,2016-10-12,"33,719",-20,"77,932,918  ","633,849  ","77,932,918  "
4643,2016-10-11,"25,928",-28,"77,899,199  ","633,869  ","77,899,199  "
4644,2016-10-10,"33,481",-8,"77,873,271  ","633,897  ","77,873,271  "
4645,2016-10-09,"24,467",-18,"77,839,790  ","633,905  ","77,839,790  "
4646,2016-10-08,"21,286",-3,"77,815,323  ","633,923  ","77,815,323  "
4647,2016-10-07,"24,506",-26,"77,794,037  ","633,926  ","77,794,037  "
4648,2016-10-06,"21,030",-23,"77,769,531  ","633,952  ","77,769,531  "
4649,2016-10-05,"29,298",-33,"77,748,501  ","633,975  ","77,748,501  "
4650,2016-10-04,"19,589",-15,"77,719,203  ","634,008  ","77,719,203  "
4651,2016-10-03,"18,667",-18,"77,699,614  ","634,023  ","77,699,614  "
4652,2016-10-02,"19,214",-16,"77,680,947  ","634,041  ","77,680,947  "
4653,2016-10-01,"22,104",-12,"77,661,733  ","634,057  ","77,661,733  "
4654,2016-09-30,"25,093",-20,"77,639,629  ","634,069  ","77,639,629  "
4655,2016-09-29,"17,528",-16,"77,614,536  ","634,089  ","77,614,536  "
4656,2016-09-28,"42,933",-17,"77,597,008  ","634,105  ","77,597,008  "
4657,2016-09-27,"31,581",-18,"77,554,075  ","634,122  ","77,554,075  "
4658,2016-09-26,"18,239",-9,"77,522,494  ","634,140  ","77,522,494  "
4659,2016-09-25,"18,554",-12,"77,504,255  ","634,149  ","77,504,255  "
4660,2016-09-24,"17,791",-25,"77,485,701  ","634,161  ","77,485,701  "
4661,2016-09-23,"18,047",-10,"77,467,910  ","634,186  ","77,467,910  "
4662,2016-09-22,"18,960",-14,"77,449,863  ","634,196  ","77,449,863  "
4663,2016-09-21,"19,381",-16,"77,430,903  ","634,210  ","77,430,903  "
4664,2016-09-20,"19,458",-31,"77,411,522  ","634,226  ","77,411,522  "
4665,2016-09-19,"22,857",-21,"77,392,064  ","634,257  ","77,392,064  "
4666,2016-09-18,"21,704",-9,"77,369,207  ","634,278  ","77,369,207  "
4667,2016-09-17,"20,192",-12,"77,347,503  ","634,287  ","77,347,503  "
4668,2016-09-16,"20,250",-16,"77,327,311  ","634,299  ","77,327,311  "
4669,2016-09-15,"19,232",-15,"77,307,061  ","634,315  ","77,307,061  "
4670,2016-09-14,"24,818",-24,"77,287,829  ","634,330  ","77,287,829  "
4671,2016-09-13,"19,931",-24,"77,263,011  ","634,354  ","77,263,011  "
4672,2016-09-12,"23,599",-21,"77,243,080  ","634,378  ","77,243,080  "
4673,2016-09-11,"22,452",-26,"77,219,481  ","634,399  ","77,219,481  "
4674,2016-09-10,"22,067",-6,"77,197,029  ","634,425  ","77,197,029  "
4675,2016-09-09,"14,385",-16,"77,174,962  ","634,431  ","77,174,962  "
4676,2016-09-08,"19,499",-17,"77,160,577  ","634,447  ","77,160,577  "
4677,2016-09-07,"18,831",-24,"77,141,078  ","634,464  ","77,141,078  "
4678,2016-09-06,"22,279",-17,"77,122,247  ","634,488  ","77,122,247  "
4679,2016-09-05,"21,746",-17,"77,099,968  ","634,505  ","77,099,968  "
4680,2016-09-04,"21,674",-10,"77,078,222  ","634,522  ","77,078,222  "
4681,2016-09-03,"27,007",-23,"77,056,548  ","634,532  ","77,056,548  "
4682,2016-09-02,"27,923",-11,"77,029,541  ","634,555  ","77,029,541  "
4683,2016-09-01,"-1,048",-15,"77,001,618  ","634,566  ","77,001,618  "
4684,2016-08-31,"18,289",-21,"77,002,666  ","634,581  ","77,002,666  "
4685,2016-08-30,"18,825",-23,"76,984,377  ","634,602  ","76,984,377  "
4686,2016-08-29,"18,072",-25,"76,965,552  ","634,625  ","76,965,552  "
4687,2016-08-28,"14,945",-8,"76,947,480  ","634,650  ","76,947,480  "
4688,2016-08-27,"13,490",-9,"76,932,535  ","634,658  ","76,932,535  "
4689,2016-08-26,"16,780",-7,"76,919,045  ","634,667  ","76,919,045  "
4690,2016-08-25,"16,002",-20,"76,902,265  ","634,674  ","76,902,265  "
4691,2016-08-24,"19,015",-23,"76,886,263  ","634,694  ","76,886,263  "
4692,2016-08-23,"18,326",-22,"76,867,248  ","634,717  ","76,867,248  "
4693,2016-08-22,"16,580",-16,"76,848,922  ","634,739  ","76,848,922  "
4694,2016-08-21,"18,833",-14,"76,832,342  ","634,755  ","76,832,342  "
4695,2016-08-20,"18,275",-11,"76,813,509  ","634,769  ","76,813,509  "
4696,2016-08-19,"18,432",-11,"76,795,234  ","634,780  ","76,795,234  "
4697,2016-08-18,"18,383",-27,"76,776,802  ","634,791  ","76,776,802  "
4698,2016-08-17,"18,524",-16,"76,758,419  ","634,818  ","76,758,419  "
4699,2016-08-16,"19,359",-22,"76,739,895  ","634,834  ","76,739,895  "
4700,2016-08-15,"20,875",-11,"76,720,536  ","634,856  ","76,720,536  "
4701,2016-08-14,"20,236",-22,"76,699,661  ","634,867  ","76,699,661  "
4702,2016-08-13,"21,043",-15,"76,679,425  ","634,889  ","76,679,425  "
4703,2016-08-12,"21,825",-14,"76,658,382  ","634,904  ","76,658,382  "
4704,2016-08-11,"19,411",-25,"76,636,557  ","634,918  ","76,636,557  "
4705,2016-08-10,"20,052",-7,"76,617,146  ","634,943  ","76,617,146  "
4706,2016-08-09,"19,707",-20,"76,597,094  ","634,950  ","76,597,094  "
4707,2016-08-08,"21,147",-18,"76,577,387  ","634,970  ","76,577,387  "
4708,2016-08-07,"19,725",-12,"76,556,240  ","634,988  ","76,556,240  "
4709,2016-08-06,"21,259",-1,"76,536,515  ","635,000  ","76,536,515  "
4710,2016-08-05,"26,212",-19,"76,515,256  ","635,001  ","76,515,256  "
4711,2016-08-04,"19,752",-8,"76,489,044  ","635,020  ","76,489,044  "
4712,2016-08-03,"20,576",-34,"76,469,292  ","635,028  ","76,469,292  "
4713,2016-08-02,"20,922",-20,"76,448,716  ","635,062  ","76,448,716  "
4714,2016-08-01,"22,930",-14,"76,427,794  ","635,082  ","76,427,794  "
4715,2016-07-31,"18,525",-6,"76,404,864  ","635,096  ","76,404,864  "
4716,2016-07-30,"28,438",-14,"76,386,339  ","635,102  ","76,386,339  "
4717,2016-07-29,"36,777",-21,"76,357,901  ","635,116  ","76,357,901  "
4718,2016-07-28,"33,454",-12,"76,321,124  ","635,137  ","76,321,124  "
4719,2016-07-27,"29,809",-22,"76,287,670  ","635,149  ","76,287,670  "
4720,2016-07-26,"24,026",-12,"76,257,861  ","635,171  ","76,257,861  "
4721,2016-07-25,"18,721",-12,"76,233,835  ","635,183  ","76,233,835  "
4722,2016-07-24,"19,838",-17,"76,215,114  ","635,195  ","76,215,114  "
4723,2016-07-23,"22,145",3,"76,195,276  ","635,212  ","76,195,276  "
4724,2016-07-22,"20,234",-24,"76,173,131  ","635,209  ","76,173,131  "
4725,2016-07-21,"22,043",-34,"76,152,897  ","635,233  ","76,152,897  "
4726,2016-07-20,"31,050",-21,"76,130,854  ","635,267  ","76,130,854  "
4727,2016-07-19,"14,207",-17,"76,099,804  ","635,288  ","76,099,804  "
4728,2016-07-18,"18,361",-24,"76,085,597  ","635,305  ","76,085,597  "
4729,2016-07-17,"24,792",-6,"76,067,236  ","635,329  ","76,067,236  "
4730,2016-07-16,"23,498",-17,"76,042,444  ","635,335  ","76,042,444  "
4731,2016-07-15,"19,117",-16,"76,018,946  ","635,352  ","76,018,946  "
4732,2016-07-14,"15,636",-15,"75,999,829  ","635,368  ","75,999,829  "
4733,2016-07-13,"19,376",-25,"75,984,193  ","635,383  ","75,984,193  "
4734,2016-07-12,"14,747",-20,"75,964,817  ","635,408  ","75,964,817  "
4735,2016-07-11,"16,497",-24,"75,950,070  ","635,428  ","75,950,070  "
4736,2016-07-10,"18,311",-14,"75,933,573  ","635,452  ","75,933,573  "
4737,2016-07-09,"19,290",-12,"75,915,262  ","635,466  ","75,915,262  "
4738,2016-07-08,"18,153",-17,"75,895,972  ","635,478  ","75,895,972  "
4739,2016-07-07,"3,977",-7,"75,877,819  ","635,495  ","75,877,819  "
4740,2016-07-06,"80,287",-83,"75,873,842  ","635,502  ","75,873,842  "
4741,2016-07-02,"16,202",-15,"75,793,555  ","635,585  ","75,793,555  "
4742,2016-07-01,"5,356",-4,"75,777,353  ","635,600  ","75,777,353  "
4743,2016-06-30,"31,922",-20,"75,771,997  ","635,604  ","75,771,997  "
4744,2016-06-29,"25,423",-16,"75,740,075  ","635,624  ","75,740,075  "
4745,2016-06-28,"17,707",-21,"75,714,652  ","635,640  ","75,714,652  "
4746,2016-06-27,"18,360",-6,"75,696,945  ","635,661  ","75,696,945  "
4747,2016-06-26,"18,265",-19,"75,678,585  ","635,667  ","75,678,585  "
4748,2016-06-25,"15,723",-20,"75,660,320  ","635,686  ","75,660,320  "
4749,2016-06-24,"16,960",-20,"75,644,597  ","635,706  ","75,644,597  "
4750,2016-06-23,"15,452",-14,"75,627,637  ","635,726  ","75,627,637  "
4751,2016-06-22,"18,604",-30,"75,612,185  ","635,740  ","75,612,185  "
4752,2016-06-21,"15,509",-22,"75,593,581  ","635,770  ","75,593,581  "
4753,2016-06-20,"18,402",-7,"75,578,072  ","635,792  ","75,578,072  "
4754,2016-06-19,"16,882",-21,"75,559,670  ","635,799  ","75,559,670  "
4755,2016-06-18,"18,014",-17,"75,542,788  ","635,820  ","75,542,788  "
4756,2016-06-17,"13,837",-9,"75,524,774  ","635,837  ","75,524,774  "
4757,2016-06-16,"15,062",-23,"75,510,937  ","635,846  ","75,510,937  "
4758,2016-06-15,"15,409",-13,"75,495,875  ","635,869  ","75,495,875  "
4759,2016-06-14,"22,108",-27,"75,480,466  ","635,882  ","75,480,466  "
4760,2016-06-13,"31,335",-6,"75,458,358  ","635,909  ","75,458,358  "
4761,2016-06-12,"19,021",-22,"75,427,023  ","635,915  ","75,427,023  "
4762,2016-06-11,"21,193",-26,"75,408,002  ","635,937  ","75,408,002  "
4763,2016-06-10,"20,164",-36,"75,386,809  ","635,963  ","75,386,809  "
4764,2016-06-09,"17,222",-20,"75,366,645  ","635,999  ","75,366,645  "
4765,2016-06-08,"17,233",-14,"75,349,423  ","636,019  ","75,349,423  "
4766,2016-06-07,"14,165",-18,"75,332,190  ","636,033  ","75,332,190  "
4767,2016-06-06,"16,368",-12,"75,318,025  ","636,051  ","75,318,025  "
4768,2016-06-05,"18,549",-10,"75,301,657  ","636,063  ","75,301,657  "
4769,2016-06-04,"14,967",-23,"75,283,108  ","636,073  ","75,283,108  "
4770,2016-06-03,"6,922",-3,"75,268,141  ","636,096  ","75,268,141  "
4771,2016-06-02,"15,519",-18,"75,261,219  ","636,099  ","75,261,219  "
4772,2016-06-01,"18,742",-17,"75,245,700  ","636,117  ","75,245,700  "
4773,2016-05-31,"18,502",-13,"75,226,958  ","636,134  ","75,226,958  "
4774,2016-05-30,"18,239",-10,"75,208,456  ","636,147  ","75,208,456  "
4775,2016-05-29,"18,791",1,"75,190,217  ","636,157  ","75,190,217  "
4776,2016-05-28,"19,651",-8,"75,171,426  ","636,156  ","75,171,426  "
4777,2016-05-27,"15,724",-10,"75,151,775  ","636,164  ","75,151,775  "
4778,2016-05-26,"15,449",-19,"75,136,051  ","636,174  ","75,136,051  "
4779,2016-05-25,"16,378",-23,"75,120,602  ","636,193  ","75,120,602  "
4780,2016-05-24,"14,965",-16,"75,104,224  ","636,216  ","75,104,224  "
4781,2016-05-23,"14,830",-11,"75,089,259  ","636,232  ","75,089,259  "
4782,2016-05-22,"14,801",-11,"75,074,429  ","636,243  ","75,074,429  "
4783,2016-05-21,"16,744",-17,"75,059,628  ","636,254  ","75,059,628  "
4784,2016-05-20,"16,356",-21,"75,042,884  ","636,271  ","75,042,884  "
4785,2016-05-19,"14,563",-29,"75,026,528  ","636,292  ","75,026,528  "
4786,2016-05-18,"21,814",-20,"75,011,965  ","636,321  ","75,011,965  "
4787,2016-05-17,"15,348",-21,"74,990,151  ","636,341  ","74,990,151  "
4788,2016-05-16,"15,827",-16,"74,974,803  ","636,362  ","74,974,803  "
4789,2016-05-15,"16,304",-11,"74,958,976  ","636,378  ","74,958,976  "
4790,2016-05-14,"15,819",-6,"74,942,672  ","636,389  ","74,942,672  "
4791,2016-05-13,"63,754",-16,"74,926,853  ","636,395  ","74,926,853  "
4792,2016-05-12,"75,409",-11,"74,863,099  ","636,411  ","74,863,099  "
4793,2016-05-11,"93,046",-16,"74,787,690  ","636,422  ","74,787,690  "
4794,2016-05-10,"57,499",-20,"74,694,644  ","636,438  ","74,694,644  "
4795,2016-05-09,"61,182",-3,"74,637,145  ","636,458  ","74,637,145  "
4796,2016-05-08,"27,865",-14,"74,575,963  ","636,461  ","74,575,963  "
4797,2016-05-07,"52,743",-20,"74,548,098  ","636,475  ","74,548,098  "
4798,2016-05-06,"63,643",-10,"74,495,355  ","636,495  ","74,495,355  "
4799,2016-05-05,"64,489",-14,"74,431,712  ","636,505  ","74,431,712  "
4800,2016-05-04,"69,634",-16,"74,367,223  ","636,519  ","74,367,223  "
4801,2016-05-03,"65,993",-18,"74,297,589  ","636,535  ","74,297,589  "
4802,2016-05-02,"66,011",-8,"74,231,596  ","636,553  ","74,231,596  "
4803,2016-05-01,"56,053",-11,"74,165,585  ","636,561  ","74,165,585  "
4804,2016-04-30,"53,243",-14,"74,109,532  ","636,572  ","74,109,532  "
4805,2016-04-29,"64,214",-24,"74,056,289  ","636,586  ","74,056,289  "
4806,2016-04-28,"60,843",-8,"73,992,075  ","636,610  ","73,992,075  "
4807,2016-04-27,"72,268",-33,"73,931,232  ","636,618  ","73,931,232  "
4808,2016-04-26,"68,641",-24,"73,858,964  ","636,651  ","73,858,964  "
4809,2016-04-25,"67,762",-7,"73,790,323  ","636,675  ","73,790,323  "
4810,2016-04-24,"68,081",-4,"73,722,561  ","636,682  ","73,722,561  "
4811,2016-04-23,"70,095",-23,"73,654,480  ","636,686  ","73,654,480  "
4812,2016-04-22,"75,726",-10,"73,584,385  ","636,709  ","73,584,385  "
4813,2016-04-21,"71,657",-18,"73,508,659  ","636,719  ","73,508,659  "
4814,2016-04-20,"70,366",-27,"73,437,002  ","636,737  ","73,437,002  "
4815,2016-04-19,"79,217",-14,"73,366,636  ","636,764  ","73,366,636  "
4816,2016-04-18,"89,708",-9,"73,287,419  ","636,778  ","73,287,419  "
4817,2016-04-17,"89,824",-12,"73,197,711  ","636,787  ","73,197,711  "
4818,2016-04-16,"78,877",-8,"73,107,887  ","636,799  ","73,107,887  "
4819,2016-04-15,"75,602",-15,"73,029,010  ","636,807  ","73,029,010  "
4820,2016-04-14,"76,980",-13,"72,953,408  ","636,822  ","72,953,408  "
4821,2016-04-13,"82,542",-8,"72,876,428  ","636,835  ","72,876,428  "
4822,2016-04-12,"75,135",-13,"72,793,886  ","636,843  ","72,793,886  "
4823,2016-04-11,"73,946",-25,"72,718,751  ","636,856  ","72,718,751  "
4824,2016-04-10,"69,349",-16,"72,644,805  ","636,881  ","72,644,805  "
4825,2016-04-09,"68,513",-11,"72,575,456  ","636,897  ","72,575,456  "
4826,2016-04-08,"69,248",-10,"72,506,943  ","636,908  ","72,506,943  "
4827,2016-04-07,"64,885",-22,"72,437,695  ","636,918  ","72,437,695  "
4828,2016-04-06,"63,823",-15,"72,372,810  ","636,940  ","72,372,810  "
4829,2016-04-05,"60,556",-18,"72,308,987  ","636,955  ","72,308,987  "
4830,2016-04-04,"62,567",-10,"72,248,431  ","636,973  ","72,248,431  "
4831,2016-04-03,"60,769",-26,"72,185,864  ","636,983  ","72,185,864  "
4832,2016-04-02,"62,523",-9,"72,125,095  ","637,009  ","72,125,095  "
4833,2016-04-01,"62,465",-1,"72,062,572  ","637,018  ","72,062,572  "
4834,2016-03-31,"64,332",-9,"72,000,107  ","637,019  ","72,000,107  "
4835,2016-03-30,"66,961",-18,"71,935,775  ","637,028  ","71,935,775  "
4836,2016-03-29,"61,841",-19,"71,868,814  ","637,046  ","71,868,814  "
4837,2016-03-28,"56,264",-13,"71,806,973  ","637,065  ","71,806,973  "
4838,2016-03-27,"55,800",-23,"71,750,709  ","637,078  ","71,750,709  "
4839,2016-03-26,"59,749",-5,"71,694,909  ","637,101  ","71,694,909  "
4840,2016-03-25,"61,900",-23,"71,635,160  ","637,106  ","71,635,160  "
4841,2016-03-24,"66,198",-12,"71,573,260  ","637,129  ","71,573,260  "
4842,2016-03-23,"72,920",-19,"71,507,062  ","637,141  ","71,507,062  "
4843,2016-03-22,"67,887",-29,"71,434,142  ","637,160  ","71,434,142  "
4844,2016-03-21,"63,572",-6,"71,366,255  ","637,189  ","71,366,255  "
4845,2016-03-20,"52,132",-10,"71,302,683  ","637,195  ","71,302,683  "
4846,2016-03-19,"43,600",-13,"71,250,551  ","637,205  ","71,250,551  "
4847,2016-03-18,"53,178",-13,"71,206,951  ","637,218  ","71,206,951  "
4848,2016-03-17,"54,018",-8,"71,153,773  ","637,231  ","71,153,773  "
4849,2016-03-16,"40,290",-17,"71,099,755  ","637,239  ","71,099,755  "
4850,2016-03-15,"35,865",-33,"71,059,465  ","637,256  ","71,059,465  "
4851,2016-03-14,"33,677",-19,"71,023,600  ","637,289  ","71,023,600  "
4852,2016-03-13,"34,053",-9,"70,989,923  ","637,308  ","70,989,923  "
4853,2016-03-12,"29,165",-17,"70,955,870  ","637,317  ","70,955,870  "
4854,2016-03-11,"31,068",-11,"70,926,705  ","637,334  ","70,926,705  "
4855,2016-03-10,"32,610",-29,"70,895,637  ","637,345  ","70,895,637  "
4856,2016-03-09,"36,530",-12,"70,863,027  ","637,374  ","70,863,027  "
4857,2016-03-08,"32,311",-19,"70,826,497  ","637,386  ","70,826,497  "
4858,2016-03-07,"33,499",-12,"70,794,186  ","637,405  ","70,794,186  "
4859,2016-03-06,"31,672",-19,"70,760,687  ","637,417  ","70,760,687  "
4860,2016-03-05,"32,482",-21,"70,729,015  ","637,436  ","70,729,015  "
4861,2016-03-04,"35,454",-15,"70,696,533  ","637,457  ","70,696,533  "
4862,2016-03-03,"37,776",-24,"70,661,079  ","637,472  ","70,661,079  "
4863,2016-03-02,"39,542",-11,"70,623,303  ","637,496  ","70,623,303  "
4864,2016-03-01,"42,407",0,"70,583,761  ","637,507  ","70,583,761  "
4865,2016-02-29,"39,721",-21,"70,541,354  ","637,507  ","70,541,354  "
4866,2016-02-28,"36,888",-8,"70,501,633  ","637,528  ","70,501,633  "
4867,2016-02-27,"35,771",-23,"70,464,745  ","637,536  ","70,464,745  "
4868,2016-02-26,"37,321",-22,"70,428,974  ","637,559  ","70,428,974  "
4869,2016-02-25,"43,796",-25,"70,391,653  ","637,581  ","70,391,653  "
4870,2016-02-24,"44,092",-13,"70,347,857  ","637,606  ","70,347,857  "
4871,2016-02-23,"47,140",-14,"70,303,765  ","637,619  ","70,303,765  "
4872,2016-02-22,"50,116",-14,"70,256,625  ","637,633  ","70,256,625  "
4873,2016-02-21,"47,952",-13,"70,206,509  ","637,647  ","70,206,509  "
4874,2016-02-20,"55,778",-21,"70,158,557  ","637,660  ","70,158,557  "
4875,2016-02-19,"51,355",-23,"70,102,779  ","637,681  ","70,102,779  "
4876,2016-02-18,"50,081",-31,"70,051,424  ","637,704  ","70,051,424  "
4877,2016-02-17,"50,540",-31,"70,001,343  ","637,735  ","70,001,343  "
4878,2016-02-16,"48,275",-22,"69,950,803  ","637,766  ","69,950,803  "
4879,2016-02-15,"46,371",-12,"69,902,528  ","637,788  ","69,902,528  "
4880,2016-02-14,"47,129",-14,"69,856,157  ","637,800  ","69,856,157  "
4881,2016-02-13,"47,097",-18,"69,809,028  ","637,814  ","69,809,028  "
4882,2016-02-12,"46,484",-13,"69,761,931  ","637,832  ","69,761,931  "
4883,2016-02-11,"45,080",-21,"69,715,447  ","637,845  ","69,715,447  "
4884,2016-02-10,"46,785",-11,"69,670,367  ","637,866  ","69,670,367  "
4885,2016-02-09,"45,723",-23,"69,623,582  ","637,877  ","69,623,582  "
4886,2016-02-08,"49,233",-9,"69,577,859  ","637,900  ","69,577,859  "
4887,2016-02-07,"50,857",-17,"69,528,626  ","637,909  ","69,528,626  "
4888,2016-02-06,"45,905",-15,"69,477,769  ","637,926  ","69,477,769  "
4889,2016-02-05,"45,381",-13,"69,431,864  ","637,941  ","69,431,864  "
4890,2016-02-04,"46,438",-12,"69,386,483  ","637,954  ","69,386,483  "
4891,2016-02-03,"46,286",-16,"69,340,045  ","637,966  ","69,340,045  "
4892,2016-02-02,"43,598",-22,"69,293,759  ","637,982  ","69,293,759  "
4893,2016-02-01,"43,155",-23,"69,250,161  ","638,004  ","69,250,161  "
4894,2016-01-31,"40,909",-11,"69,207,006  ","638,027  ","69,207,006  "
4895,2016-01-30,"45,364",-10,"69,166,097  ","638,038  ","69,166,097  "
4896,2016-01-29,"48,028",-30,"69,120,733  ","638,048  ","69,120,733  "
4897,2016-01-28,"45,943",-30,"69,072,705  ","638,078  ","69,072,705  "
4898,2016-01-27,"46,145",-13,"69,026,762  ","638,108  ","69,026,762  "
4899,2016-01-26,"47,696",-21,"68,980,617  ","638,121  ","68,980,617  "
4900,2016-01-25,"48,428",-11,"68,932,921  ","638,142  ","68,932,921  "
4901,2016-01-24,"47,231",-12,"68,884,493  ","638,153  ","68,884,493  "
4902,2016-01-23,"46,805",-3,"68,837,262  ","638,165  ","68,837,262  "
4903,2016-01-22,"46,456",-58,"68,790,457  ","638,168  ","68,790,457  "
4904,2016-01-21,"50,553",-13,"68,744,001  ","638,226  ","68,744,001  "
4905,2016-01-20,"47,087",-16,"68,693,448  ","638,239  ","68,693,448  "
4906,2016-01-19,"51,576",-25,"68,646,361  ","638,255  ","68,646,361  "
4907,2016-01-18,"52,179",-19,"68,594,785  ","638,280  ","68,594,785  "
4908,2016-01-17,"40,906",-8,"68,542,606  ","638,299  ","68,542,606  "
4909,2016-01-16,"47,475",-7,"68,501,700  ","638,307  ","68,501,700  "
4910,2016-01-15,"49,184",-9,"68,454,225  ","638,314  ","68,454,225  "
4911,2016-01-14,"45,088",-3,"68,405,041  ","638,323  ","68,405,041  "
4912,2016-01-13,"49,721",-24,"68,359,953  ","638,326  ","68,359,953  "
4913,2016-01-12,"45,315",-19,"68,310,232  ","638,350  ","68,310,232  "
4914,2016-01-11,"47,437",-18,"68,264,917  ","638,369  ","68,264,917  "
4915,2016-01-10,"46,870",-8,"68,217,480  ","638,387  ","68,217,480  "
4916,2016-01-09,"48,513",-9,"68,170,610  ","638,395  ","68,170,610  "
4917,2016-01-08,"45,438",-33,"68,122,097  ","638,404  ","68,122,097  "
4918,2016-01-07,"46,516",-20,"68,076,659  ","638,437  ","68,076,659  "
4919,2016-01-06,"48,192",-27,"68,030,143  ","638,457  ","68,030,143  "
4920,2016-01-05,"46,073",-29,"67,981,951  ","638,484  ","67,981,951  "
4921,2016-01-04,"49,972",-11,"67,935,878  ","638,513  ","67,935,878  "
4922,2016-01-03,"48,383",-15,"67,885,906  ","638,524  ","67,885,906  "
4923,2016-01-02,"42,978",-25,"67,837,523  ","638,539  ","67,837,523  "
4924,2016-01-01,"34,496",-2,"67,794,545  ","638,564  ","67,794,545  "
4925,2015-12-31,"42,946",-17,"67,760,049  ","638,566  ","67,760,049  "
4926,2015-12-30,"47,970",-21,"67,717,103  ","638,583  ","67,717,103  "
4927,2015-12-29,"46,491",-29,"67,669,133  ","638,604  ","67,669,133  "
4928,2015-12-28,"46,218",-10,"67,622,642  ","638,633  ","67,622,642  "
4929,2015-12-27,"43,347",-14,"67,576,424  ","638,643  ","67,576,424  "
4930,2015-12-26,"42,473",-11,"67,533,077  ","638,657  ","67,533,077  "
4931,2015-12-25,"36,615",-5,"67,490,604  ","638,668  ","67,490,604  "
4932,2015-12-24,"41,341",-14,"67,453,989  ","638,673  ","67,453,989  "
4933,2015-12-23,"43,178",-11,"67,412,648  ","638,687  ","67,412,648  "
4934,2015-12-22,"43,612",-13,"67,369,470  ","638,698  ","67,369,470  "
4935,2015-12-21,"42,808",-19,"67,325,858  ","638,711  ","67,325,858  "
4936,2015-12-20,"40,459",-14,"67,283,050  ","638,730  ","67,283,050  "
4937,2015-12-19,"39,637",-1,"67,242,591  ","638,744  ","67,242,591  "
4938,2015-12-18,"41,915",-21,"67,202,954  ","638,745  ","67,202,954  "
4939,2015-12-17,"41,053",-6,"67,161,039  ","638,766  ","67,161,039  "
4940,2015-12-16,"44,179",-8,"67,119,986  ","638,772  ","67,119,986  "
4941,2015-12-15,"40,481",-13,"67,075,807  ","638,780  ","67,075,807  "
4942,2015-12-14,"43,133",-13,"67,035,326  ","638,793  ","67,035,326  "
4943,2015-12-13,"48,048",-6,"66,992,193  ","638,806  ","66,992,193  "
4944,2015-12-12,"37,943",-12,"66,944,145  ","638,812  ","66,944,145  "
4945,2015-12-11,"42,152",-22,"66,906,202  ","638,824  ","66,906,202  "
4946,2015-12-10,"41,991",-12,"66,864,050  ","638,846  ","66,864,050  "
4947,2015-12-09,"45,929",-18,"66,822,059  ","638,858  ","66,822,059  "
4948,2015-12-08,"42,386",-26,"66,776,130  ","638,876  ","66,776,130  "
4949,2015-12-07,"43,022",-11,"66,733,744  ","638,902  ","66,733,744  "
4950,2015-12-06,"38,308",-11,"66,690,722  ","638,913  ","66,690,722  "
4951,2015-12-05,"38,510",-6,"66,652,414  ","638,924  ","66,652,414  "
4952,2015-12-04,"40,552",-17,"66,613,904  ","638,930  ","66,613,904  "
4953,2015-12-03,"38,973",-16,"66,573,352  ","638,947  ","66,573,352  "
4954,2015-12-02,"34,332",-12,"66,534,379  ","638,963  ","66,534,379  "
4955,2015-12-01,"33,265",-9,"66,500,047  ","638,975  ","66,500,047  "
4956,2015-11-30,"34,235",-25,"66,466,782  ","638,984  ","66,466,782  "
4957,2015-11-29,"34,014",-14,"66,432,547  ","639,009  ","66,432,547  "
4958,2015-11-28,"28,431",-9,"66,398,533  ","639,023  ","66,398,533  "
4959,2015-11-27,"31,624",-3,"66,370,102  ","639,032  ","66,370,102  "
4960,2015-11-26,"34,493",-13,"66,338,478  ","639,035  ","66,338,478  "
4961,2015-11-25,"38,188",-23,"66,303,985  ","639,048  ","66,303,985  "
4962,2015-11-24,"35,580",-32,"66,265,797  ","639,071  ","66,265,797  "
4963,2015-11-23,"35,081",-22,"66,230,217  ","639,103  ","66,230,217  "
4964,2015-11-22,"36,544",-17,"66,195,136  ","639,125  ","66,195,136  "
4965,2015-11-21,"33,275",-14,"66,158,592  ","639,142  ","66,158,592  "
4966,2015-11-20,"33,891",-19,"66,125,317  ","639,156  ","66,125,317  "
4967,2015-11-19,"31,668",-19,"66,091,426  ","639,175  ","66,091,426  "
4968,2015-11-18,"39,834",-18,"66,059,758  ","639,194  ","66,059,758  "
4969,2015-11-17,"40,091",-11,"66,019,924  ","639,212  ","66,019,924  "
4970,2015-11-16,"44,718",-16,"65,979,833  ","639,223  ","65,979,833  "
4971,2015-11-15,"47,921",-12,"65,935,115  ","639,239  ","65,935,115  "
4972,2015-11-14,"41,945",2,"65,887,194  ","639,251  ","65,887,194  "
4973,2015-11-13,"29,528",-15,"65,845,249  ","639,249  ","65,845,249  "
4974,2015-11-12,"31,818",-19,"65,815,721  ","639,264  ","65,815,721  "
4975,2015-11-11,"34,311",-28,"65,783,903  ","639,283  ","65,783,903  "
4976,2015-11-10,"31,285",-12,"65,749,592  ","639,311  ","65,749,592  "
4977,2015-11-09,"35,718",-7,"65,718,307  ","639,323  ","65,718,307  "
4978,2015-11-08,"34,096",-15,"65,682,589  ","639,330  ","65,682,589  "
4979,2015-11-07,"30,799",-9,"65,648,493  ","639,345  ","65,648,493  "
4980,2015-11-06,"32,742",-16,"65,617,694  ","639,354  ","65,617,694  "
4981,2015-11-05,"34,429",-37,"65,584,952  ","639,370  ","65,584,952  "
4982,2015-11-04,"35,344",-34,"65,550,523  ","639,407  ","65,550,523  "
4983,2015-11-03,"34,824",-17,"65,515,179  ","639,441  ","65,515,179  "
4984,2015-11-02,"37,604",-13,"65,480,355  ","639,458  ","65,480,355  "
4985,2015-11-01,"32,781",-9,"65,442,751  ","639,471  ","65,442,751  "
4986,2015-10-31,"33,093",-9,"65,409,970  ","639,480  ","65,409,970  "
4987,2015-10-30,"31,801",-16,"65,376,877  ","639,489  ","65,376,877  "
4988,2015-10-29,"28,424",-11,"65,345,076  ","639,505  ","65,345,076  "
4989,2015-10-28,"31,166",-19,"65,316,652  ","639,516  ","65,316,652  "
4990,2015-10-27,"31,399",-14,"65,285,486  ","639,535  ","65,285,486  "
4991,2015-10-26,"34,177",-14,"65,254,087  ","639,549  ","65,254,087  "
4992,2015-10-25,"33,344",-21,"65,219,910  ","639,563  ","65,219,910  "
4993,2015-10-24,"33,156",-19,"65,186,566  ","639,584  ","65,186,566  "
4994,2015-10-23,"30,157",-15,"65,153,410  ","639,603  ","65,153,410  "
4995,2015-10-22,"31,331",-17,"65,123,253  ","639,618  ","65,123,253  "
4996,2015-10-21,"29,056",-13,"65,091,922  ","639,635  ","65,091,922  "
4997,2015-10-20,"27,173",-18,"65,062,866  ","639,648  ","65,062,866  "
4998,2015-10-19,"31,146",-17,"65,035,693  ","639,666  ","65,035,693  "
4999,2015-10-18,"27,938",-15,"65,004,547  ","639,683  ","65,004,547  "
5000,2015-10-17,"29,347",-3,"64,976,609  ","639,698  ","64,976,609  "
5001,2015-10-16,"32,594",-21,"64,947,262  ","639,701  ","64,947,262  "
5002,2015-10-15,"33,372",-22,"64,914,668  ","639,722  ","64,914,668  "
5003,2015-10-14,"36,855",-21,"64,881,296  ","639,744  ","64,881,296  "
5004,2015-10-13,"35,268",-18,"64,844,441  ","639,765  ","64,844,441  "
5005,2015-10-12,"34,918",-8,"64,809,173  ","639,783  ","64,809,173  "
5006,2015-10-11,"31,885",-16,"64,774,255  ","639,791  ","64,774,255  "
5007,2015-10-10,"30,129",-17,"64,742,370  ","639,807  ","64,742,370  "
5008,2015-10-09,"30,685",-24,"64,712,241  ","639,824  ","64,712,241  "
5009,2015-10-08,"32,552",-24,"64,681,556  ","639,848  ","64,681,556  "
5010,2015-10-07,"32,332",-13,"64,649,004  ","639,872  ","64,649,004  "
5011,2015-10-06,"33,798",-18,"64,616,672  ","639,885  ","64,616,672  "
5012,2015-10-05,"36,917",-18,"64,582,874  ","639,903  ","64,582,874  "
5013,2015-10-04,"34,954",-18,"64,545,957  ","639,921  ","64,545,957  "
5014,2015-10-03,"33,303",-18,"64,511,003  ","639,939  ","64,511,003  "
5015,2015-10-02,"32,002",-21,"64,477,700  ","639,957  ","64,477,700  "
5016,2015-10-01,"36,162",-32,"64,445,698  ","639,978  ","64,445,698  "
5017,2015-09-30,"32,158",-17,"64,409,536  ","640,010  ","64,409,536  "
5018,2015-09-29,"37,681",-27,"64,377,378  ","640,027  ","64,377,378  "
5019,2015-09-28,"38,143",-10,"64,339,697  ","640,054  ","64,339,697  "
5020,2015-09-27,"36,429",-12,"64,301,554  ","640,064  ","64,301,554  "
5021,2015-09-26,"-6,456",-11,"64,265,125  ","640,076  ","64,265,125  "
5022,2015-09-25,"33,340",-13,"64,271,581  ","640,087  ","64,271,581  "
5023,2015-09-24,"35,902",-18,"64,238,241  ","640,100  ","64,238,241  "
5024,2015-09-23,"34,979",-21,"64,202,339  ","640,118  ","64,202,339  "
5025,2015-09-22,"31,532",-17,"64,167,360  ","640,139  ","64,167,360  "
5026,2015-09-21,"35,639",-15,"64,135,828  ","640,156  ","64,135,828  "
5027,2015-09-20,"35,641",-13,"64,100,189  ","640,171  ","64,100,189  "
5028,2015-09-19,"34,199",-15,"64,064,548  ","640,184  ","64,064,548  "
5029,2015-09-18,"40,320",-35,"64,030,349  ","640,199  ","64,030,349  "
5030,2015-09-17,"40,309",-5,"63,990,029  ","640,234  ","63,990,029  "
5031,2015-09-16,"32,889",-16,"63,949,720  ","640,239  ","63,949,720  "
5032,2015-09-15,"32,284",-22,"63,916,831  ","640,255  ","63,916,831  "
5033,2015-09-14,"35,420",-14,"63,884,547  ","640,277  ","63,884,547  "
5034,2015-09-13,"33,710",-11,"63,849,127  ","640,291  ","63,849,127  "
5035,2015-09-12,"34,444",-13,"63,815,417  ","640,302  ","63,815,417  "
5036,2015-09-11,"35,798",-27,"63,780,973  ","640,315  ","63,780,973  "
5037,2015-09-10,"37,033",-26,"63,745,175  ","640,342  ","63,745,175  "
5038,2015-09-09,"30,238",-29,"63,708,142  ","640,368  ","63,708,142  "
5039,2015-09-08,"33,139",-26,"63,677,904  ","640,397  ","63,677,904  "
5040,2015-09-07,"31,693",-18,"63,644,765  ","640,423  ","63,644,765  "
5041,2015-09-06,"32,730",-10,"63,613,072  ","640,441  ","63,613,072  "
5042,2015-09-05,"31,676",-11,"63,580,342  ","640,451  ","63,580,342  "
5043,2015-09-04,"25,773",-19,"63,548,666  ","640,462  ","63,548,666  "
5044,2015-09-03,"24,976",-11,"63,522,893  ","640,481  ","63,522,893  "
5045,2015-09-02,"24,153",-27,"63,497,917  ","640,492  ","63,497,917  "
5046,2015-09-01,"24,765",-23,"63,473,764  ","640,519  ","63,473,764  "
5047,2015-08-31,"20,520",-26,"63,448,999  ","640,542  ","63,448,999  "
5048,2015-08-30,"27,549",-14,"63,428,479  ","640,568  ","63,428,479  "
5049,2015-08-29,"19,948",-21,"63,400,930  ","640,582  ","63,400,930  "
5050,2015-08-28,"23,722",-19,"63,380,982  ","640,603  ","63,380,982  "
5051,2015-08-27,"25,166",-21,"63,357,260  ","640,622  ","63,357,260  "
5052,2015-08-26,"19,135",-43,"63,332,094  ","640,643  ","63,332,094  "
5053,2015-08-25,"19,859",-12,"63,312,959  ","640,686  ","63,312,959  "
5054,2015-08-24,"31,728",-8,"63,293,100  ","640,698  ","63,293,100  "
5055,2015-08-23,"26,899",-11,"63,261,372  ","640,706  ","63,261,372  "
5056,2015-08-22,"30,242",-316,"63,234,473  ","640,717  ","63,234,473  "
5057,2015-08-21,"26,867",-33,"63,204,231  ","641,033  ","63,204,231  "
5058,2015-08-20,"28,221",-39,"63,177,364  ","641,066  ","63,177,364  "
5059,2015-08-19,"32,731",-25,"63,149,143  ","641,105  ","63,149,143  "
5060,2015-08-18,"31,086",-22,"63,116,412  ","641,130  ","63,116,412  "
5061,2015-08-17,"31,854",-16,"63,085,326  ","641,152  ","63,085,326  "
5062,2015-08-16,"28,407",-13,"63,053,472  ","641,168  ","63,053,472  "
5063,2015-08-15,"30,206",-19,"63,025,065  ","641,181  ","63,025,065  "
5064,2015-08-14,"34,130",-20,"62,994,859  ","641,200  ","62,994,859  "
5065,2015-08-13,"33,279",-14,"62,960,729  ","641,220  ","62,960,729  "
5066,2015-08-12,"38,860",-19,"62,927,450  ","641,234  ","62,927,450  "
5067,2015-08-11,"31,015",-43,"62,888,590  ","641,253  ","62,888,590  "
5068,2015-08-10,"41,429",-16,"62,857,575  ","641,296  ","62,857,575  "
5069,2015-08-09,"39,538",-18,"62,816,146  ","641,312  ","62,816,146  "
5070,2015-08-08,"39,689",-16,"62,776,608  ","641,330  ","62,776,608  "
5071,2015-08-07,"40,782",-20,"62,736,919  ","641,346  ","62,736,919  "
5072,2015-08-06,"34,484",-36,"62,696,137  ","641,366  ","62,696,137  "
5073,2015-08-05,"43,319",-21,"62,661,653  ","641,402  ","62,661,653  "
5074,2015-08-04,"38,725",-25,"62,618,334  ","641,423  ","62,618,334  "
5075,2015-08-03,"39,061",-21,"62,579,609  ","641,448  ","62,579,609  "
5076,2015-08-02,"36,024",-25,"62,540,548  ","641,469  ","62,540,548  "
5077,2015-08-01,"28,049",-5,"62,504,524  ","641,494  ","62,504,524  "
5078,2015-07-31,"43,232",-27,"62,476,475  ","641,499  ","62,476,475  "
5079,2015-07-30,"49,240",-34,"62,433,243  ","641,526  ","62,433,243  "
5080,2015-07-29,"27,150",-21,"62,384,003  ","641,560  ","62,384,003  "
5081,2015-07-28,"50,473",-22,"62,356,853  ","641,581  ","62,356,853  "
5082,2015-07-27,"47,861",-26,"62,306,380  ","641,603  ","62,306,380  "
5083,2015-07-26,"45,681",-20,"62,258,519  ","641,629  ","62,258,519  "
5084,2015-07-25,"53,090",-17,"62,212,838  ","641,649  ","62,212,838  "
5085,2015-07-24,"52,826",-15,"62,159,748  ","641,666  ","62,159,748  "
5086,2015-07-23,"56,717",-8,"62,106,922  ","641,681  ","62,106,922  "
5087,2015-07-22,"46,649",-19,"62,050,205  ","641,689  ","62,050,205  "
5088,2015-07-21,"41,485",-20,"62,003,556  ","641,708  ","62,003,556  "
5089,2015-07-20,"43,610",-28,"61,962,071  ","641,728  ","61,962,071  "
5090,2015-07-19,"41,086",-20,"61,918,461  ","641,756  ","61,918,461  "
5091,2015-07-18,"41,741",-28,"61,877,375  ","641,776  ","61,877,375  "
5092,2015-07-17,"47,257",-22,"61,835,634  ","641,804  ","61,835,634  "
5093,2015-07-16,"47,975",-24,"61,788,377  ","641,826  ","61,788,377  "
5094,2015-07-15,"52,293",47,"61,740,402  ","641,850  ","61,740,402  "
5095,2015-07-14,"47,188",-23,"61,688,109  ","641,803  ","61,688,109  "
5096,2015-07-13,"45,192",-15,"61,640,921  ","641,826  ","61,640,921  "
5097,2015-07-12,"36,069",-9,"61,595,729  ","641,841  ","61,595,729  "
5098,2015-07-11,"42,651",-14,"61,559,660  ","641,850  ","61,559,660  "
5099,2015-07-10,"30,436",-22,"61,517,009  ","641,864  ","61,517,009  "
5100,2015-07-09,"45,422",-13,"61,486,573  ","641,886  ","61,486,573  "
5101,2015-07-08,"42,435",-31,"61,441,151  ","641,899  ","61,441,151  "
5102,2015-07-07,"28,737",-28,"61,398,716  ","641,930  ","61,398,716  "
5103,2015-07-06,"13,221",-15,"61,369,979  ","641,958  ","61,369,979  "
5104,2015-07-05,"17,022",-4,"61,356,758  ","641,973  ","61,356,758  "
5105,2015-07-04,"44,655",-22,"61,339,736  ","641,977  ","61,339,736  "
5106,2015-07-03,"36,904",-10,"61,295,081  ","641,999  ","61,295,081  "
5107,2015-07-02,"43,832",-23,"61,258,177  ","642,009  ","61,258,177  "
5108,2015-07-01,"47,224",-32,"61,214,345  ","642,032  ","61,214,345  "
5109,2015-06-30,"49,787",-31,"61,167,121  ","642,064  ","61,167,121  "
5110,2015-06-29,"54,567",-2,"61,117,334  ","642,095  ","61,117,334  "
5111,2015-06-28,"62,580",-16,"61,062,767  ","642,097  ","61,062,767  "
5112,2015-06-27,"103,102",-14,"61,000,187  ","642,113  ","61,000,187  "
5113,2015-06-26,"43,174",-26,"60,897,085  ","642,127  ","60,897,085  "
5114,2015-06-25,"42,199",-19,"60,853,911  ","642,153  ","60,853,911  "
5115,2015-06-24,"42,815",-14,"60,811,712  ","642,172  ","60,811,712  "
5116,2015-06-23,"41,235",-28,"60,768,897  ","642,186  ","60,768,897  "
5117,2015-06-22,"42,429",-18,"60,727,662  ","642,214  ","60,727,662  "
5118,2015-06-21,"41,561",-9,"60,685,233  ","642,232  ","60,685,233  "
5119,2015-06-20,"41,342",-16,"60,643,672  ","642,241  ","60,643,672  "
5120,2015-06-19,"42,432",-18,"60,602,330  ","642,257  ","60,602,330  "
5121,2015-06-18,"40,711",-36,"60,559,898  ","642,275  ","60,559,898  "
5122,2015-06-17,"36,721",-20,"60,519,187  ","642,311  ","60,519,187  "
5123,2015-06-16,"35,816",-20,"60,482,466  ","642,331  ","60,482,466  "
5124,2015-06-15,"35,916",-15,"60,446,650  ","642,351  ","60,446,650  "
5125,2015-06-14,"39,044",-16,"60,410,734  ","642,366  ","60,410,734  "
5126,2015-06-13,"37,626",-21,"60,371,690  ","642,382  ","60,371,690  "
5127,2015-06-12,"38,484",-13,"60,334,064  ","642,403  ","60,334,064  "
5128,2015-06-11,"40,229",-24,"60,295,580  ","642,416  ","60,295,580  "
5129,2015-06-10,"39,371",-19,"60,255,351  ","642,440  ","60,255,351  "
5130,2015-06-09,"37,955",-20,"60,215,980  ","642,459  ","60,215,980  "
5131,2015-06-08,"39,727",-10,"60,178,025  ","642,479  ","60,178,025  "
5132,2015-06-07,"38,546",-24,"60,138,298  ","642,489  ","60,138,298  "
5133,2015-06-06,"37,768",-16,"60,099,752  ","642,513  ","60,099,752  "
5134,2015-06-05,"41,513",-18,"60,061,984  ","642,529  ","60,061,984  "
5135,2015-06-04,"45,341",-30,"60,020,471  ","642,547  ","60,020,471  "
5136,2015-06-03,"52,159",-26,"59,975,130  ","642,577  ","59,975,130  "
5137,2015-06-02,"50,447",-24,"59,922,971  ","642,603  ","59,922,971  "
5138,2015-06-01,"42,810",-17,"59,872,524  ","642,627  ","59,872,524  "
5139,2015-05-31,"42,116",-16,"59,829,714  ","642,644  ","59,829,714  "
5140,2015-05-30,"39,662",-20,"59,787,598  ","642,660  ","59,787,598  "
5141,2015-05-29,"42,574",-26,"59,747,936  ","642,680  ","59,747,936  "
5142,2015-05-28,"44,462",-22,"59,705,362  ","642,706  ","59,705,362  "
5143,2015-05-27,"38,915",-18,"59,660,900  ","642,728  ","59,660,900  "
5144,2015-05-26,"40,610",-26,"59,621,985  ","642,746  ","59,621,985  "
5145,2015-05-25,"41,940",-15,"59,581,375  ","642,772  ","59,581,375  "
5146,2015-05-24,"42,384",-13,"59,539,435  ","642,787  ","59,539,435  "
5147,2015-05-23,"39,368",-25,"59,497,051  ","642,800  ","59,497,051  "
5148,2015-05-22,"43,378",-18,"59,457,683  ","642,825  ","59,457,683  "
5149,2015-05-21,"46,776",-26,"59,414,305  ","642,843  ","59,414,305  "
5150,2015-05-20,"68,489",-27,"59,367,529  ","642,869  ","59,367,529  "
5151,2015-05-19,"49,861",-21,"59,299,040  ","642,896  ","59,299,040  "
5152,2015-05-18,"39,934",-12,"59,249,179  ","642,917  ","59,249,179  "
5153,2015-05-17,"37,598",-10,"59,209,245  ","642,929  ","59,209,245  "
5154,2015-05-16,"39,842",-31,"59,171,647  ","642,939  ","59,171,647  "
5155,2015-05-15,"30,539",-16,"59,131,805  ","642,970  ","59,131,805  "
5156,2015-05-14,"33,562",-15,"59,101,266  ","642,986  ","59,101,266  "
5157,2015-05-13,"34,638",-21,"59,067,704  ","643,001  ","59,067,704  "
5158,2015-05-12,"33,804",-22,"59,033,066  ","643,022  ","59,033,066  "
5159,2015-05-11,"32,141",-11,"58,999,262  ","643,044  ","58,999,262  "
5160,2015-05-10,"31,524",-16,"58,967,121  ","643,055  ","58,967,121  "
5161,2015-05-09,"30,877",-22,"58,935,597  ","643,071  ","58,935,597  "
5162,2015-05-08,"22,721",-30,"58,904,720  ","643,093  ","58,904,720  "
5163,2015-05-07,"33,412",-11,"58,881,999  ","643,123  ","58,881,999  "
5164,2015-05-06,"33,211",-22,"58,848,587  ","643,134  ","58,848,587  "
5165,2015-05-05,"39,718",-18,"58,815,376  ","643,156  ","58,815,376  "
5166,2015-05-04,"43,591",-24,"58,775,658  ","643,174  ","58,775,658  "
5167,2015-05-03,"39,708",-7,"58,732,067  ","643,198  ","58,732,067  "
5168,2015-05-02,"38,358",-6,"58,692,359  ","643,205  ","58,692,359  "
5169,2015-05-01,"37,761",-15,"58,654,001  ","643,211  ","58,654,001  "
5170,2015-04-30,"39,150",-19,"58,616,240  ","643,226  ","58,616,240  "
5171,2015-04-29,"42,456",-30,"58,577,090  ","643,245  ","58,577,090  "
5172,2015-04-28,"33,239",-21,"58,534,634  ","643,275  ","58,534,634  "
5173,2015-04-27,"44,230",-18,"58,501,395  ","643,296  ","58,501,395  "
5174,2015-04-26,"43,736",-7,"58,457,165  ","643,314  ","58,457,165  "
5175,2015-04-25,"41,095",-17,"58,413,429  ","643,321  ","58,413,429  "
5176,2015-04-24,"31,734",-12,"58,372,334  ","643,338  ","58,372,334  "
5177,2015-04-23,"37,384",-17,"58,340,600  ","643,350  ","58,340,600  "
5178,2015-04-22,"38,293",-17,"58,303,216  ","643,367  ","58,303,216  "
5179,2015-04-21,"40,124",-22,"58,264,923  ","643,384  ","58,264,923  "
5180,2015-04-20,"40,294",-17,"58,224,799  ","643,406  ","58,224,799  "
5181,2015-04-19,"40,911",-9,"58,184,505  ","643,423  ","58,184,505  "
5182,2015-04-18,"40,786",-17,"58,143,594  ","643,432  ","58,143,594  "
5183,2015-04-17,"40,475",-18,"58,102,808  ","643,449  ","58,102,808  "
5184,2015-04-16,"41,392",-10,"58,062,333  ","643,467  ","58,062,333  "
5185,2015-04-15,"43,035",-44,"58,020,941  ","643,477  ","58,020,941  "
5186,2015-04-14,"42,582",-21,"57,977,906  ","643,521  ","57,977,906  "
5187,2015-04-13,"48,179",-26,"57,935,324  ","643,542  ","57,935,324  "
5188,2015-04-12,"43,552",-17,"57,887,145  ","643,568  ","57,887,145  "
5189,2015-04-11,"44,363",-10,"57,843,593  ","643,585  ","57,843,593  "
5190,2015-04-10,"47,237",-19,"57,799,230  ","643,595  ","57,799,230  "
5191,2015-04-09,"49,538",-26,"57,751,993  ","643,614  ","57,751,993  "
5192,2015-04-08,"48,973",-29,"57,702,455  ","643,640  ","57,702,455  "
5193,2015-04-07,"44,162",-13,"57,653,482  ","643,669  ","57,653,482  "
5194,2015-04-06,"41,473",-41,"57,609,320  ","643,682  ","57,609,320  "
5195,2015-04-05,"46,939",-8,"57,567,847  ","643,723  ","57,567,847  "
5196,2015-04-04,"46,817",-26,"57,520,908  ","643,731  ","57,520,908  "
5197,2015-04-03,"48,816",-28,"57,474,091  ","643,757  ","57,474,091  "
5198,2015-04-02,"47,242",-28,"57,425,275  ","643,785  ","57,425,275  "
5199,2015-04-01,"54,485",-18,"57,378,033  ","643,813  ","57,378,033  "
5200,2015-03-31,"55,473",-36,"57,323,548  ","643,831  ","57,323,548  "
5201,2015-03-30,"56,335",-10,"57,268,075  ","643,867  ","57,268,075  "
5202,2015-03-29,"54,766",-20,"57,211,740  ","643,877  ","57,211,740  "
5203,2015-03-28,"29,467",-9,"57,156,974  ","643,897  ","57,156,974  "
5204,2015-03-27,"82,947",-29,"57,127,507  ","643,906  ","57,127,507  "
5205,2015-03-26,"64,700",-19,"57,044,560  ","643,935  ","57,044,560  "
5206,2015-03-25,"54,292",-20,"56,979,860  ","643,954  ","56,979,860  "
5207,2015-03-24,"52,961",-33,"56,925,568  ","643,974  ","56,925,568  "
5208,2015-03-23,"54,721",-9,"56,872,607  ","644,007  ","56,872,607  "
5209,2015-03-22,"54,564",-12,"56,817,886  ","644,016  ","56,817,886  "
5210,2015-03-21,"51,925",-9,"56,763,322  ","644,028  ","56,763,322  "
5211,2015-03-20,"50,145",-24,"56,711,397  ","644,037  ","56,711,397  "
5212,2015-03-19,"52,168",-18,"56,661,252  ","644,061  ","56,661,252  "
5213,2015-03-18,"55,413",-16,"56,609,084  ","644,079  ","56,609,084  "
5214,2015-03-17,"57,921",-24,"56,553,671  ","644,095  ","56,553,671  "
5215,2015-03-16,"60,273",-21,"56,495,750  ","644,119  ","56,495,750  "
5216,2015-03-15,"50,402",-9,"56,435,477  ","644,140  ","56,435,477  "
5217,2015-03-14,"54,843",-4,"56,385,075  ","644,149  ","56,385,075  "
5218,2015-03-13,"53,351",-8,"56,330,232  ","644,153  ","56,330,232  "
5219,2015-03-12,"50,438",-24,"56,276,881  ","644,161  ","56,276,881  "
5220,2015-03-11,"49,336",-22,"56,226,443  ","644,185  ","56,226,443  "
5221,2015-03-10,"50,535",-34,"56,177,107  ","644,207  ","56,177,107  "
5222,2015-03-09,"55,558",-22,"56,126,572  ","644,241  ","56,126,572  "
5223,2015-03-08,"55,513",-27,"56,071,014  ","644,263  ","56,071,014  "
5224,2015-03-07,"55,173",-11,"56,015,501  ","644,290  ","56,015,501  "
5225,2015-03-06,"57,247",-31,"55,960,328  ","644,301  ","55,960,328  "
5226,2015-03-05,"39,785",-7,"55,903,081  ","644,332  ","55,903,081  "
5227,2015-03-04,"51,807",-31,"55,863,296  ","644,339  ","55,863,296  "
5228,2015-03-03,"51,957",-11,"55,811,489  ","644,370  ","55,811,489  "
5229,2015-03-02,"60,417",-20,"55,759,532  ","644,381  ","55,759,532  "
5230,2015-03-01,"59,234",-7,"55,699,115  ","644,401  ","55,699,115  "
5231,2015-02-28,"61,236",-26,"55,639,881  ","644,408  ","55,639,881  "
5232,2015-02-27,"48,319",-47,"55,578,645  ","644,434  ","55,578,645  "
5233,2015-02-26,"58,772",-16,"55,530,326  ","644,481  ","55,530,326  "
5234,2015-02-25,"59,809",-19,"55,471,554  ","644,497  ","55,471,554  "
5235,2015-02-24,"56,703",-32,"55,411,745  ","644,516  ","55,411,745  "
5236,2015-02-23,"58,631",-29,"55,355,042  ","644,548  ","55,355,042  "
5237,2015-02-22,"57,493",-23,"55,296,411  ","644,577  ","55,296,411  "
5238,2015-02-21,"56,593",-22,"55,238,918  ","644,600  ","55,238,918  "
5239,2015-02-20,"56,287",-16,"55,182,325  ","644,622  ","55,182,325  "
5240,2015-02-19,"54,827",-18,"55,126,038  ","644,638  ","55,126,038  "
5241,2015-02-18,"59,366",-39,"55,071,211  ","644,656  ","55,071,211  "
5242,2015-02-17,"60,709",-25,"55,011,845  ","644,695  ","55,011,845  "
5243,2015-02-16,"54,534",-22,"54,951,136  ","644,720  ","54,951,136  "
5244,2015-02-15,"53,651",-21,"54,896,602  ","644,742  ","54,896,602  "
5245,2015-02-14,"50,811",-21,"54,842,951  ","644,763  ","54,842,951  "
5246,2015-02-13,"48,563",-30,"54,792,140  ","644,784  ","54,792,140  "
5247,2015-02-12,"54,423",-32,"54,743,577  ","644,814  ","54,743,577  "
5248,2015-02-11,"57,586",-38,"54,689,154  ","644,846  ","54,689,154  "
5249,2015-02-10,"53,375",-20,"54,631,568  ","644,884  ","54,631,568  "
5250,2015-02-09,"57,795",-20,"54,578,193  ","644,904  ","54,578,193  "
5251,2015-02-08,"55,024",-11,"54,520,398  ","644,924  ","54,520,398  "
5252,2015-02-07,"53,851",-13,"54,465,374  ","644,935  ","54,465,374  "
5253,2015-02-06,"55,329",-31,"54,411,523  ","644,948  ","54,411,523  "
5254,2015-02-05,"56,462",-32,"54,356,194  ","644,979  ","54,356,194  "
5255,2015-02-04,"57,317",-10,"54,299,732  ","645,011  ","54,299,732  "
5256,2015-02-03,"61,735",-31,"54,242,415  ","645,021  ","54,242,415  "
5257,2015-02-02,"65,780",-31,"54,180,680  ","645,052  ","54,180,680  "
5258,2015-02-01,"60,113",-20,"54,114,900  ","645,083  ","54,114,900  "
5259,2015-01-31,"58,830",-12,"54,054,787  ","645,103  ","54,054,787  "
5260,2015-01-30,"59,800",-20,"53,995,957  ","645,115  ","53,995,957  "
5261,2015-01-29,"61,442",-26,"53,936,157  ","645,135  ","53,936,157  "
5262,2015-01-28,"73,887",-26,"53,874,715  ","645,161  ","53,874,715  "
5263,2015-01-27,"59,654",-20,"53,800,828  ","645,187  ","53,800,828  "
5264,2015-01-26,"72,956",-18,"53,741,174  ","645,207  ","53,741,174  "
5265,2015-01-25,"63,814",-14,"53,668,218  ","645,225  ","53,668,218  "
5266,2015-01-24,"61,003",-24,"53,604,404  ","645,239  ","53,604,404  "
5267,2015-01-23,"61,414",-15,"53,543,401  ","645,263  ","53,543,401  "
5268,2015-01-22,"62,434",-27,"53,481,987  ","645,278  ","53,481,987  "
5269,2015-01-21,"65,813",-27,"53,419,553  ","645,305  ","53,419,553  "
5270,2015-01-20,"60,792",-31,"53,353,740  ","645,332  ","53,353,740  "
5271,2015-01-19,"61,048",-13,"53,292,948  ","645,363  ","53,292,948  "
5272,2015-01-18,"61,001",-17,"53,231,900  ","645,376  ","53,231,900  "
5273,2015-01-17,"9,529",-15,"53,170,899  ","645,393  ","53,170,899  "
5274,2015-01-16,"58,273",-27,"53,161,370  ","645,408  ","53,161,370  "
5275,2015-01-15,"60,223",-23,"53,103,097  ","645,435  ","53,103,097  "
5276,2015-01-14,"62,847",-29,"53,042,874  ","645,458  ","53,042,874  "
5277,2015-01-13,"67,448",-35,"52,980,027  ","645,487  ","52,980,027  "
5278,2015-01-12,"72,591",-16,"52,912,579  ","645,522  ","52,912,579  "
5279,2015-01-11,"72,321",-13,"52,839,988  ","645,538  ","52,839,988  "
5280,2015-01-10,"68,533",-9,"52,767,667  ","645,551  ","52,767,667  "
5281,2015-01-09,"71,436",-28,"52,699,134  ","645,560  ","52,699,134  "
5282,2015-01-08,"67,424",-34,"52,627,698  ","645,588  ","52,627,698  "
5283,2015-01-07,"65,358",-29,"52,560,274  ","645,622  ","52,560,274  "
5284,2015-01-06,"65,379",-37,"52,494,916  ","645,651  ","52,494,916  "
5285,2015-01-05,"65,079",-36,"52,429,537  ","645,688  ","52,429,537  "
5286,2015-01-04,"65,838",-21,"52,364,458  ","645,724  ","52,364,458  "
5287,2015-01-03,"67,479",-28,"52,298,620  ","645,745  ","52,298,620  "
5288,2015-01-02,"54,558",-27,"52,231,141  ","645,773  ","52,231,141  "
5289,2015-01-01,"54,218",37,"52,176,583  ","645,800  ","52,176,583  "
5290,2014-12-31,"67,125",-76,"52,122,365  ","645,763  ","52,122,365  "
5291,2014-12-30,"88,724",-18,"52,055,240  ","645,839  ","52,055,240  "
5292,2014-12-29,"62,227",-27,"51,966,516  ","645,857  ","51,966,516  "
5293,2014-12-28,"63,731",-10,"51,904,289  ","645,884  ","51,904,289  "
5294,2014-12-27,"66,410",-19,"51,840,558  ","645,894  ","51,840,558  "
5295,2014-12-26,"65,754",-9,"51,774,148  ","645,913  ","51,774,148  "
5296,2014-12-25,"55,109",-9,"51,708,394  ","645,922  ","51,708,394  "
5297,2014-12-24,"56,886",-6,"51,653,285  ","645,931  ","51,653,285  "
5298,2014-12-23,"54,605",-15,"51,596,399  ","645,937  ","51,596,399  "
5299,2014-12-22,"55,378",-20,"51,541,794  ","645,952  ","51,541,794  "
5300,2014-12-21,"54,827",-18,"51,486,416  ","645,972  ","51,486,416  "
5301,2014-12-20,"55,106",-23,"51,431,589  ","645,990  ","51,431,589  "
5302,2014-12-19,"56,081",-16,"51,376,483  ","646,013  ","51,376,483  "
5303,2014-12-18,"56,889",-25,"51,320,402  ","646,029  ","51,320,402  "
5304,2014-12-17,"54,766",-17,"51,263,513  ","646,054  ","51,263,513  "
5305,2014-12-16,"52,402",-28,"51,208,747  ","646,071  ","51,208,747  "
5306,2014-12-15,"53,777",-20,"51,156,345  ","646,099  ","51,156,345  "
5307,2014-12-14,"51,694",-15,"51,102,568  ","646,119  ","51,102,568  "
5308,2014-12-13,"47,583",-32,"51,050,874  ","646,134  ","51,050,874  "
5309,2014-12-12,"46,134",-18,"51,003,291  ","646,166  ","51,003,291  "
5310,2014-12-11,"47,629",-7,"50,957,157  ","646,184  ","50,957,157  "
5311,2014-12-10,"47,981",-31,"50,909,528  ","646,191  ","50,909,528  "
5312,2014-12-09,"48,840",-17,"50,861,547  ","646,222  ","50,861,547  "
5313,2014-12-08,"50,169",-19,"50,812,707  ","646,239  ","50,812,707  "
5314,2014-12-07,"47,444",-17,"50,762,538  ","646,258  ","50,762,538  "
5315,2014-12-06,"54,478",-6,"50,715,094  ","646,275  ","50,715,094  "
5316,2014-12-05,"51,464",-28,"50,660,616  ","646,281  ","50,660,616  "
5317,2014-12-04,"47,853",-18,"50,609,152  ","646,309  ","50,609,152  "
5318,2014-12-03,"50,752",-28,"50,561,299  ","646,327  ","50,561,299  "
5319,2014-12-02,"48,763",-26,"50,510,547  ","646,355  ","50,510,547  "
5320,2014-12-01,"50,856",-10,"50,461,784  ","646,381  ","50,461,784  "
5321,2014-11-30,"50,724",-24,"50,410,928  ","646,391  ","50,410,928  "
5322,2014-11-29,"49,987",-11,"50,360,204  ","646,415  ","50,360,204  "
5323,2014-11-28,"48,674",-14,"50,310,217  ","646,426  ","50,310,217  "
5324,2014-11-27,"50,567",-25,"50,261,543  ","646,440  ","50,261,543  "
5325,2014-11-26,"22,888",-27,"50,210,976  ","646,465  ","50,210,976  "
5326,2014-11-25,"51,349",-21,"50,188,088  ","646,492  ","50,188,088  "
5327,2014-11-24,"49,652",-18,"50,136,739  ","646,513  ","50,136,739  "
5328,2014-11-23,"48,452",-28,"50,087,087  ","646,531  ","50,087,087  "
5329,2014-11-22,"49,857",-17,"50,038,635  ","646,559  ","50,038,635  "
5330,2014-11-21,"52,715",-10,"49,988,778  ","646,576  ","49,988,778  "
5331,2014-11-20,"50,051",-31,"49,936,063  ","646,586  ","49,936,063  "
5332,2014-11-19,"49,012",-25,"49,886,012  ","646,617  ","49,886,012  "
5333,2014-11-18,"48,579",-14,"49,837,000  ","646,642  ","49,837,000  "
5334,2014-11-17,"52,697",-28,"49,788,421  ","646,656  ","49,788,421  "
5335,2014-11-16,"53,122",-20,"49,735,724  ","646,684  ","49,735,724  "
5336,2014-11-15,"6,257",0,"49,682,602  ","646,704  ","49,682,602  "
5337,2014-11-14,"48,245",-12,"49,676,345  ","646,704  ","49,676,345  "
5338,2014-11-13,"46,496",-22,"49,628,100  ","646,716  ","49,628,100  "
5339,2014-11-12,"46,664",-25,"49,581,604  ","646,738  ","49,581,604  "
5340,2014-11-11,"49,277",-22,"49,534,940  ","646,763  ","49,534,940  "
5341,2014-11-10,"45,846",-15,"49,485,663  ","646,785  ","49,485,663  "
5342,2014-11-09,"52,066",-28,"49,439,817  ","646,800  ","49,439,817  "
5343,2014-11-08,"48,952",-11,"49,387,751  ","646,828  ","49,387,751  "
5344,2014-11-07,"51,565",-23,"49,338,799  ","646,839  ","49,338,799  "
5345,2014-11-06,"48,270",-21,"49,287,234  ","646,862  ","49,287,234  "
5346,2014-11-05,"52,510",-32,"49,238,964  ","646,883  ","49,238,964  "
5347,2014-11-04,"57,975",-21,"49,186,454  ","646,915  ","49,186,454  "
5348,2014-11-03,"54,412",-37,"49,128,479  ","646,936  ","49,128,479  "
5349,2014-11-02,"59,051",-33,"49,074,067  ","646,973  ","49,074,067  "
5350,2014-11-01,"54,764",1,"49,015,016  ","647,006  ","49,015,016  "
5351,2014-10-31,"47,941",-28,"48,960,252  ","647,005  ","48,960,252  "
5352,2014-10-30,"51,829",-19,"48,912,311  ","647,033  ","48,912,311  "
5353,2014-10-29,"48,635",-28,"48,860,482  ","647,052  ","48,860,482  "
5354,2014-10-28,"40,971",-18,"48,811,847  ","647,080  ","48,811,847  "
5355,2014-10-27,"49,953",-23,"48,770,876  ","647,098  ","48,770,876  "
5356,2014-10-26,"53,210",-20,"48,720,923  ","647,121  ","48,720,923  "
5357,2014-10-25,"54,375",-21,"48,667,713  ","647,141  ","48,667,713  "
5358,2014-10-24,"54,009",-18,"48,613,338  ","647,162  ","48,613,338  "
5359,2014-10-23,"51,975",-26,"48,559,329  ","647,180  ","48,559,329  "
5360,2014-10-22,"52,533",-26,"48,507,354  ","647,206  ","48,507,354  "
5361,2014-10-21,"53,451",-13,"48,454,821  ","647,232  ","48,454,821  "
5362,2014-10-20,"47,664",-35,"48,401,370  ","647,245  ","48,401,370  "
5363,2014-10-19,"51,917",-19,"48,353,706  ","647,280  ","48,353,706  "
5364,2014-10-18,"49,246",-16,"48,301,789  ","647,299  ","48,301,789  "
5365,2014-10-17,"44,518",-31,"48,252,543  ","647,315  ","48,252,543  "
5366,2014-10-16,"44,516",-19,"48,208,025  ","647,346  ","48,208,025  "
5367,2014-10-15,"46,471",-24,"48,163,509  ","647,365  ","48,163,509  "
5368,2014-10-14,"50,915",-22,"48,117,038  ","647,389  ","48,117,038  "
5369,2014-10-13,"46,318",-26,"48,066,123  ","647,411  ","48,066,123  "
5370,2014-10-12,"49,585",-13,"48,019,805  ","647,437  ","48,019,805  "
5371,2014-10-11,"41,152",-20,"47,970,220  ","647,450  ","47,970,220  "
5372,2014-10-10,"43,966",-28,"47,929,068  ","647,470  ","47,929,068  "
5373,2014-10-09,"50,408",-25,"47,885,102  ","647,498  ","47,885,102  "
5374,2014-10-08,"43,218",-32,"47,834,694  ","647,523  ","47,834,694  "
5375,2014-10-07,"55,494",-21,"47,791,476  ","647,555  ","47,791,476  "
5376,2014-10-06,"43,150",-28,"47,735,982  ","647,576  ","47,735,982  "
5377,2014-10-05,"53,824",-21,"47,692,832  ","647,604  ","47,692,832  "
5378,2014-10-04,"50,849",-12,"47,639,008  ","647,625  ","47,639,008  "
5379,2014-10-03,"46,300",-12,"47,588,159  ","647,637  ","47,588,159  "
5380,2014-10-02,"43,472",-26,"47,541,859  ","647,649  ","47,541,859  "
5381,2014-10-01,"47,001",-17,"47,498,387  ","647,675  ","47,498,387  "
5382,2014-09-30,"50,214",-32,"47,451,386  ","647,692  ","47,451,386  "
5383,2014-09-29,"90,986",-21,"47,401,172  ","647,724  ","47,401,172  "
5384,2014-09-28,"95,305",-21,"47,310,186  ","647,745  ","47,310,186  "
5385,2014-09-27,"99,139",-28,"47,214,881  ","647,766  ","47,214,881  "
5386,2014-09-26,"52,548",-22,"47,115,742  ","647,794  ","47,115,742  "
5387,2014-09-25,"47,690",-22,"47,063,194  ","647,816  ","47,063,194  "
5388,2014-09-24,"50,782",-33,"47,015,504  ","647,838  ","47,015,504  "
5389,2014-09-23,"51,108",-35,"46,964,722  ","647,871  ","46,964,722  "
5390,2014-09-22,"48,893",-27,"46,913,614  ","647,906  ","46,913,614  "
5391,2014-09-21,"52,675",-22,"46,864,721  ","647,933  ","46,864,721  "
5392,2014-09-20,"50,228",-16,"46,812,046  ","647,955  ","46,812,046  "
5393,2014-09-19,"49,862",-27,"46,761,818  ","647,971  ","46,761,818  "
5394,2014-09-18,"50,098",-23,"46,711,956  ","647,998  ","46,711,956  "
5395,2014-09-17,"49,281",-25,"46,661,858  ","648,021  ","46,661,858  "
5396,2014-09-16,"48,735",-23,"46,612,577  ","648,046  ","46,612,577  "
5397,2014-09-15,"46,386",-27,"46,563,842  ","648,069  ","46,563,842  "
5398,2014-09-14,"51,662",-26,"46,517,456  ","648,096  ","46,517,456  "
5399,2014-09-13,"47,487",-10,"46,465,794  ","648,122  ","46,465,794  "
5400,2014-09-12,"45,946",-13,"46,418,307  ","648,132  ","46,418,307  "
5401,2014-09-11,"51,821",-20,"46,372,361  ","648,145  ","46,372,361  "
5402,2014-09-10,"47,642",-27,"46,320,540  ","648,165  ","46,320,540  "
5403,2014-09-09,"33,217",-31,"46,272,898  ","648,192  ","46,272,898  "
5404,2014-09-08,"48,102",-23,"46,239,681  ","648,223  ","46,239,681  "
5405,2014-09-07,"49,507",-20,"46,191,579  ","648,246  ","46,191,579  "
5406,2014-09-06,"50,429",-19,"46,142,072  ","648,266  ","46,142,072  "
5407,2014-09-05,"47,518",-36,"46,091,643  ","648,285  ","46,091,643  "
5408,2014-09-04,"49,931",-32,"46,044,125  ","648,321  ","46,044,125  "
5409,2014-09-03,"55,689",-24,"45,994,194  ","648,353  ","45,994,194  "
5410,2014-09-02,"50,747",-25,"45,938,505  ","648,377  ","45,938,505  "
5411,2014-09-01,"53,244",-28,"45,887,758  ","648,402  ","45,887,758  "
5412,2014-08-31,"48,142",-15,"45,834,514  ","648,430  ","45,834,514  "
5413,2014-08-30,"49,092",-15,"45,786,372  ","648,445  ","45,786,372  "
5414,2014-08-29,"52,371",-30,"45,737,280  ","648,460  ","45,737,280  "
5415,2014-08-28,"44,671",-16,"45,684,909  ","648,490  ","45,684,909  "
5416,2014-08-27,"41,704",-31,"45,640,238  ","648,506  ","45,640,238  "
5417,2014-08-26,"40,766",-24,"45,598,534  ","648,537  ","45,598,534  "
5418,2014-08-25,"36,718",-35,"45,557,768  ","648,561  ","45,557,768  "
5419,2014-08-24,"38,390",-19,"45,521,050  ","648,596  ","45,521,050  "
5420,2014-08-23,"38,782",-37,"45,482,660  ","648,615  ","45,482,660  "
5421,2014-08-22,"39,147",-12,"45,443,878  ","648,652  ","45,443,878  "
5422,2014-08-21,"37,467",-31,"45,404,731  ","648,664  ","45,404,731  "
5423,2014-08-20,"45,630",-26,"45,367,264  ","648,695  ","45,367,264  "
5424,2014-08-19,"40,569",-28,"45,321,634  ","648,721  ","45,321,634  "
5425,2014-08-18,"71,320",-36,"45,281,065  ","648,749  ","45,281,065  "
5426,2014-08-17,"118,816",-16,"45,209,745  ","648,785  ","45,209,745  "
5427,2014-08-16,"56,787",-9,"45,090,929  ","648,801  ","45,090,929  "
5428,2014-08-15,"38,645",-32,"45,034,142  ","648,810  ","45,034,142  "
5429,2014-08-14,"43,772",-28,"44,995,497  ","648,842  ","44,995,497  "
5430,2014-08-13,"38,948",-30,"44,951,725  ","648,870  ","44,951,725  "
5431,2014-08-12,"51,751",-25,"44,912,777  ","648,900  ","44,912,777  "
5432,2014-08-11,"30,262",-22,"44,861,026  ","648,925  ","44,861,026  "
5433,2014-08-10,"28,878",-27,"44,830,764  ","648,947  ","44,830,764  "
5434,2014-08-09,"31,711",-12,"44,801,886  ","648,974  ","44,801,886  "
5435,2014-08-08,"33,533",-19,"44,770,175  ","648,986  ","44,770,175  "
5436,2014-08-07,"31,156",-21,"44,736,642  ","649,005  ","44,736,642  "
5437,2014-08-06,"30,263",-15,"44,705,486  ","649,026  ","44,705,486  "
5438,2014-08-05,"30,699",-26,"44,675,223  ","649,041  ","44,675,223  "
5439,2014-08-04,"34,562",-20,"44,644,524  ","649,067  ","44,644,524  "
5440,2014-08-03,"28,851",-25,"44,609,962  ","649,087  ","44,609,962  "
5441,2014-08-02,"33,459",-30,"44,581,111  ","649,112  ","44,581,111  "
5442,2014-08-01,"36,478",-18,"44,547,652  ","649,142  ","44,547,652  "
5443,2014-07-31,"35,509",-23,"44,511,174  ","649,160  ","44,511,174  "
5444,2014-07-30,"35,030",-30,"44,475,665  ","649,183  ","44,475,665  "
5445,2014-07-29,"36,903",-22,"44,440,635  ","649,213  ","44,440,635  "
5446,2014-07-28,"34,749",-32,"44,403,732  ","649,235  ","44,403,732  "
5447,2014-07-27,"29,736",-21,"44,368,983  ","649,267  ","44,368,983  "
5448,2014-07-26,"18,021",-19,"44,339,247  ","649,288  ","44,339,247  "
5449,2014-07-25,"37,366",-27,"44,321,226  ","649,307  ","44,321,226  "
5450,2014-07-24,"34,964",-21,"44,283,860  ","649,334  ","44,283,860  "
5451,2014-07-23,"35,045",-14,"44,248,896  ","649,355  ","44,248,896  "
5452,2014-07-22,"18,347",-34,"44,213,851  ","649,369  ","44,213,851  "
5453,2014-07-21,"17,216",-20,"44,195,504  ","649,403  ","44,195,504  "
5454,2014-07-20,"18,969",-12,"44,178,288  ","649,423  ","44,178,288  "
5455,2014-07-19,"19,100",-24,"44,159,319  ","649,435  ","44,159,319  "
5456,2014-07-18,"24,319",-20,"44,140,219  ","649,459  ","44,140,219  "
5457,2014-07-17,"19,542",-43,"44,115,900  ","649,479  ","44,115,900  "
5458,2014-07-16,"16,920",-25,"44,096,358  ","649,522  ","44,096,358  "
5459,2014-07-15,"18,462",-28,"44,079,438  ","649,547  ","44,079,438  "
5460,2014-07-14,"17,254",-31,"44,060,976  ","649,575  ","44,060,976  "
5461,2014-07-13,"15,469",-14,"44,043,722  ","649,606  ","44,043,722  "
5462,2014-07-12,"13,826",-32,"44,028,253  ","649,620  ","44,028,253  "
5463,2014-07-11,"16,831",-30,"44,014,427  ","649,652  ","44,014,427  "
5464,2014-07-10,"17,173",-23,"43,997,596  ","649,682  ","43,997,596  "
5465,2014-07-09,"16,689",-10,"43,980,423  ","649,705  ","43,980,423  "
5466,2014-07-08,"17,315",-23,"43,963,734  ","649,715  ","43,963,734  "
5467,2014-07-07,"16,215",-30,"43,946,419  ","649,738  ","43,946,419  "
5468,2014-07-06,"17,565",-19,"43,930,204  ","649,768  ","43,930,204  "
5469,2014-07-05,"17,595",-8,"43,912,639  ","649,787  ","43,912,639  "
5470,2014-07-04,"22,616",-22,"43,895,044  ","649,795  ","43,895,044  "
5471,2014-07-03,"20,172",-14,"43,872,428  ","649,817  ","43,872,428  "
5472,2014-07-02,"18,756",-32,"43,852,256  ","649,831  ","43,852,256  "
5473,2014-07-01,"20,404",-19,"43,833,500  ","649,863  ","43,833,500  "
5474,2014-06-30,"13,847",-40,"43,813,096  ","649,882  ","43,813,096  "
5475,2014-06-29,"14,587",-22,"43,799,249  ","649,922  ","43,799,249  "
5476,2014-06-28,"13,285",-12,"43,784,662  ","649,944  ","43,784,662  "
5477,2014-06-27,"15,919",-9,"43,771,377  ","649,956  ","43,771,377  "
5478,2014-06-26,"18,122",-15,"43,755,458  ","649,965  ","43,755,458  "
5479,2014-06-25,"13,146",-24,"43,737,336  ","649,980  ","43,737,336  "
5480,2014-06-24,"16,741",-32,"43,724,190  ","650,004  ","43,724,190  "
5481,2014-06-23,"12,288",-30,"43,707,449  ","650,036  ","43,707,449  "
5482,2014-06-22,"15,831",-21,"43,695,161  ","650,066  ","43,695,161  "
5483,2014-06-21,"60,254",-64,"43,679,330  ","650,087  ","43,679,330  "
5484,2014-06-17,"18,460",-15,"43,619,076  ","650,151  ","43,619,076  "
5485,2014-06-16,"20,330",-19,"43,600,616  ","650,166  ","43,600,616  "
5486,2014-06-15,"17,112",-18,"43,580,286  ","650,185  ","43,580,286  "
5487,2014-06-14,"16,948",-10,"43,563,174  ","650,203  ","43,563,174  "
5488,2014-06-13,"16,268",-9,"43,546,226  ","650,213  ","43,546,226  "
5489,2014-06-12,"18,454",-23,"43,529,958  ","650,222  ","43,529,958  "
