date,replies,retweets,favorites
10/16/2017 22:59,17064,89916,641842
10/2/2017 12:41,21588,405895,1715753
9/30/2017 2:22,8476,60651,503255
9/26/2017 17:03,10657,113807,334901
9/25/2017 23:36,3886,58449,328106
9/20/2017 16:32,846,2615,11273
9/20/2017 2:30,23160,448792,1502386
9/18/2017 20:07,2616,31487,151759
9/13/2017 14:08,6290,65752,263743
9/11/2017 15:32,15531,351102,1385291
9/10/2017 15:56,789,6538,33440
9/8/2017 21:34,4884,31634,238120
9/7/2017 23:06,9214,101788,335960
9/5/2017 18:52,35983,390715,935216
8/27/2017 23:14,24509,249252,842435
8/17/2017 19:15,26424,323911,1632230
8/13/2017 0:06,19037,415656,1418251
8/13/2017 0:06,21458,502519,1589046
8/13/2017 0:06,70275,1712802,4603556
7/20/2017 0:49,29569,419444,2108869
6/22/2017 19:41,25250,132574,448286
6/18/2017 15:09,23066,258471,1374117
6/2/2017 17:35,15179,73103,392953
5/29/2017 13:09,9654,133048,710229
5/27/2017 13:15,6934,76083,499554
5/25/2017 14:13,4777,43565,221251
5/23/2017 16:56,11479,225577,1047869
5/22/2017 21:16,2284,10006,84220
5/14/2017 14:01,9384,113753,741881
5/3/2017 19:42,5572,24274,123062
5/2/2017 17:19,8556,131656,510123
4/24/2017 19:48,3135,12070,59829
3/23/2017 13:00,16525,145851,824879
3/19/2017 15:51,8751,68251,408068
3/8/2017 21:14,7915,52500,276941
3/2/2017 19:00,3149,6870,35479
3/2/2017 15:22,5469,18723,106647
2/17/2017 19:37,7251,27138,119106
2/14/2017 15:34,15788,263004,1118302
1/22/2017 18:07,14820,36145,241247
1/20/2017 21:17,5561,50220,164135
1/20/2017 21:05,14795,54281,240283
1/20/2017 21:04,72451,439263,1876877
1/10/2017 23:44,6175,13945,76360
11/5/2016 16:31,5601,3954,24773
11/5/2016 15:38,6368,4581,29044
11/4/2016 22:16,3928,9502,46260
11/4/2016 18:25,1288,6150,25260
11/4/2016 16:12,1498,3937,17343
11/3/2016 21:02,745,1503,8769
11/3/2016 19:08,964,1867,11054
11/3/2016 17:22,4573,73795,277246
11/2/2016 18:22,1303,2145,11403
11/2/2016 15:13,1328,3191,14412
11/2/2016 0:15,416,1690,8770
11/1/2016 22:26,458,2390,9912
11/1/2016 20:17,570,903,5921
11/1/2016 17:55,718,2255,10173
11/1/2016 15:54,369,1026,5299
10/31/2016 22:17,1270,3324,13931
10/31/2016 22:09,909,6843,32781
10/31/2016 20:12,254,957,5039
10/31/2016 18:08,329,914,4783
10/31/2016 17:00,622,1719,7273
10/31/2016 15:33,344,973,4563
10/30/2016 22:21,195,550,2695
10/28/2016 16:50,719,1328,5313
10/28/2016 15:07,739,3671,12865
10/27/2016 22:17,476,1201,5905
10/27/2016 21:31,654,4351,10378
10/27/2016 20:24,546,1972,8217
10/27/2016 18:55,1143,1781,7340
10/27/2016 17:04,233,1545,4747
10/27/2016 15:27,353,997,4714
10/26/2016 19:32,471,2112,6882
10/26/2016 17:33,479,1467,7163
10/26/2016 16:26,310,751,3625
10/26/2016 15:01,439,976,3815
10/25/2016 19:55,614,2243,9429
10/25/2016 18:01,347,786,3146
10/25/2016 16:24,212,411,1355
10/25/2016 15:25,372,941,4845
10/24/2016 21:32,572,1758,6827
10/24/2016 20:11,294,1343,4511
10/24/2016 18:52,309,713,3289
10/24/2016 17:06,166,1474,2908
10/24/2016 15:21,753,2718,11204
10/21/2016 20:47,601,840,3201
10/21/2016 16:40,553,2488,11904
10/21/2016 14:55,667,1633,7523
10/20/2016 20:42,459,957,4457
10/20/2016 18:47,396,1436,6752
10/20/2016 17:52,234,551,2600
10/20/2016 17:29,278,737,2927
10/20/2016 16:54,186,437,2217
10/20/2016 15:35,304,998,3571
10/19/2016 20:10,284,945,3307
10/19/2016 18:07,314,1342,4322
10/19/2016 15:56,289,945,2873
10/19/2016 15:09,479,2384,7526
10/18/2016 20:00,479,1833,4373
10/18/2016 18:25,273,685,2791
10/18/2016 17:10,456,2014,8122
10/18/2016 15:45,233,792,3287
10/17/2016 22:14,283,1340,5485
10/17/2016 21:07,217,1177,3166
10/17/2016 18:46,309,1367,3775
10/17/2016 16:32,154,683,1790
10/17/2016 15:33,115,368,1316
10/17/2016 15:30,352,3429,11144
10/14/2016 21:17,477,1025,3699
10/14/2016 19:20,464,5479,13995
10/14/2016 17:31,232,693,2701
10/14/2016 16:18,282,1075,4153
10/13/2016 21:30,538,1950,6720
10/13/2016 20:29,136,721,2546
10/13/2016 18:29,457,2528,8804
10/13/2016 16:53,182,1014,3140
10/13/2016 15:24,195,2583,5089
10/12/2016 21:02,220,521,2192
10/12/2016 20:54,96,505,1545
10/12/2016 19:43,158,529,2217
10/12/2016 17:57,184,884,3539
10/12/2016 16:35,429,3741,12277
10/12/2016 15:25,244,1250,3431
10/11/2016 23:59,219,1660,7497
10/11/2016 21:18,638,20697,44500
10/11/2016 20:02,369,3099,10124
10/11/2016 18:38,174,895,3158
10/11/2016 17:26,198,2335,7263
10/11/2016 15:31,157,428,1800
10/7/2016 22:03,711,1813,6597
10/7/2016 20:38,208,636,2304
10/7/2016 19:54,177,580,2514
10/7/2016 18:02,254,593,2516
10/7/2016 16:16,259,1100,3808
10/7/2016 15:14,172,1170,3267
10/7/2016 13:59,352,2168,7907
10/6/2016 18:35,217,716,2605
10/6/2016 17:22,116,687,2070
10/6/2016 15:48,154,886,3236
10/5/2016 21:30,297,1314,5478
10/5/2016 20:44,280,1754,6095
10/5/2016 19:30,135,462,1842
10/5/2016 15:50,202,738,2366
10/4/2016 20:30,229,659,2637
10/4/2016 18:28,353,2011,7027
10/4/2016 16:53,259,715,3371
10/4/2016 15:08,294,1616,6412
10/3/2016 19:57,148,1315,2530
10/3/2016 18:24,2216,122590,311762
10/3/2016 16:55,165,329,1151
10/3/2016 15:30,212,438,1916
10/1/2016 16:06,137,445,1536
10/1/2016 14:46,243,799,3635
9/30/2016 21:32,304,2217,8564
9/30/2016 20:11,408,2042,5236
9/30/2016 17:47,175,942,3400
9/30/2016 15:57,323,3157,9855
9/29/2016 21:55,312,1046,3582
9/29/2016 19:41,167,648,2782
9/29/2016 17:59,53,313,734
9/29/2016 16:33,286,1319,5485
9/29/2016 15:12,40,253,955
9/28/2016 17:49,198,335,1510
9/28/2016 15:16,573,3122,10979
9/27/2016 21:04,592,2586,7095
9/27/2016 19:42,258,1035,3370
9/27/2016 16:57,281,2834,8391
9/27/2016 15:28,140,833,2701
9/26/2016 20:58,230,981,3439
9/26/2016 18:59,334,2349,7313
9/26/2016 17:27,136,736,2298
9/26/2016 15:55,250,1421,4401
9/23/2016 21:12,433,775,2400
9/23/2016 20:05,397,2131,6826
9/23/2016 19:03,155,449,1649
9/23/2016 18:02,282,4309,6996
9/23/2016 16:57,142,444,1556
9/23/2016 15:57,215,1415,2654
9/22/2016 22:18,721,13814,41344
9/22/2016 21:21,363,1532,4972
9/22/2016 19:00,281,2513,7862
9/22/2016 17:34,168,758,2406
9/22/2016 15:58,294,2312,6536
9/21/2016 19:58,270,752,2690
9/21/2016 17:53,359,3147,9368
9/21/2016 16:34,251,1308,4150
9/21/2016 14:57,309,1767,5525
9/20/2016 19:31,477,851,3641
9/20/2016 14:30,282,643,2249
9/19/2016 15:24,436,682,2808
9/16/2016 22:24,607,1270,4295
9/16/2016 21:23,500,3495,8112
9/16/2016 19:55,218,944,3089
9/16/2016 18:55,55,359,908
9/16/2016 17:24,261,1227,3311
9/16/2016 15:54,227,959,3438
9/15/2016 21:24,634,4567,15643
9/15/2016 18:51,204,1311,4048
9/15/2016 16:39,216,2512,6930
9/15/2016 15:15,110,402,1735
9/15/2016 14:25,95,1049,2621
9/14/2016 20:45,360,1497,4779
9/14/2016 19:05,128,719,1507
9/14/2016 17:50,412,1497,4160
9/14/2016 16:40,162,360,1502
9/14/2016 15:24,277,1731,5906
9/13/2016 21:14,232,597,2152
9/13/2016 20:09,843,3806,12601
9/13/2016 19:11,278,1470,4278
9/13/2016 16:15,234,1048,2142
9/13/2016 15:00,435,3453,10172
9/12/2016 20:24,584,2575,8436
9/12/2016 18:55,262,1586,4879
9/12/2016 17:36,354,3055,6343
9/12/2016 15:09,213,1281,4134
9/9/2016 21:05,739,3547,10358
9/9/2016 20:15,144,721,1881
9/9/2016 19:16,187,637,2247
9/9/2016 17:47,196,1300,3643
9/9/2016 15:08,302,1335,3918
9/8/2016 19:39,269,913,3380
9/8/2016 18:35,41,318,1036
9/8/2016 17:39,192,472,2064
9/7/2016 21:47,401,1802,4445
9/7/2016 20:00,363,828,2987
9/7/2016 17:48,272,794,2706
9/7/2016 15:53,487,3150,10028
9/6/2016 21:57,435,1018,3141
9/6/2016 20:19,207,1176,3811
9/6/2016 18:57,145,576,2416
9/6/2016 16:58,174,1214,4168
9/6/2016 15:03,283,1273,4662
9/5/2016 16:03,413,862,3807
9/3/2016 17:01,1288,1092,4798
9/3/2016 16:06,276,2851,5566
9/2/2016 22:27,818,2517,7915
9/2/2016 19:59,429,702,2831
9/2/2016 18:28,529,2676,8430
9/2/2016 17:01,477,2433,8572
9/2/2016 15:10,452,2349,8877
9/1/2016 21:06,349,840,3106
9/1/2016 19:33,398,2681,9071
9/1/2016 17:07,168,949,2356
9/1/2016 16:00,125,340,1478
8/31/2016 19:42,378,767,2821
8/31/2016 17:38,146,700,2384
8/31/2016 16:24,377,3069,7685
8/30/2016 22:17,316,740,2658
8/30/2016 21:50,172,885,2267
8/30/2016 20:03,371,2211,6133
8/30/2016 18:08,208,397,1783
8/30/2016 15:35,350,603,2593
8/29/2016 21:15,295,1044,3772
8/29/2016 19:10,255,1374,4853
8/29/2016 17:19,428,3393,8132
8/26/2016 21:58,1300,2060,7414
8/26/2016 20:14,314,2760,8066
8/26/2016 18:45,180,718,2397
8/26/2016 17:03,457,5152,13135
8/26/2016 15:34,277,635,2931
8/25/2016 22:13,215,1476,5309
8/25/2016 20:24,184,2565,9101
8/25/2016 15:58,57,425,1059
8/24/2016 21:35,321,1023,3452
8/24/2016 20:32,423,4096,10279
8/24/2016 18:44,133,277,1259
8/24/2016 16:30,333,2906,7251
8/24/2016 15:17,393,1560,6286
8/23/2016 19:43,393,1098,3071
8/22/2016 22:12,431,1279,4538
8/22/2016 19:31,554,4760,14785
8/22/2016 17:45,170,863,2946
8/22/2016 16:07,190,600,2553
8/20/2016 17:08,498,1194,5780
8/20/2016 16:04,152,793,4034
8/19/2016 19:16,416,1502,2922
8/19/2016 17:14,294,803,2852
8/19/2016 15:17,495,2083,8625
8/18/2016 21:59,506,3071,6129
8/18/2016 20:57,536,5248,11155
8/18/2016 16:57,270,360,1479
8/18/2016 15:50,265,388,1986
8/17/2016 21:18,337,1039,4017
8/17/2016 19:46,277,778,2708
8/17/2016 17:06,658,2530,7620
8/17/2016 15:39,1010,4389,15390
8/16/2016 20:02,134,484,1354
8/16/2016 18:48,184,584,2349
8/16/2016 16:34,245,1124,3599
8/16/2016 14:52,420,2910,9725
8/15/2016 20:48,426,1568,6976
8/15/2016 18:50,200,1265,4190
8/15/2016 17:07,393,2818,8982
8/15/2016 15:31,210,998,3256
8/13/2016 18:56,597,1214,5826
8/13/2016 17:44,281,811,3796
8/12/2016 21:55,528,3528,10536
8/12/2016 20:08,242,1416,5354
8/12/2016 18:39,195,655,2606
8/12/2016 16:44,251,1509,4394
8/12/2016 15:17,522,4700,16683
8/11/2016 21:58,267,914,2773
8/11/2016 20:33,199,1033,3144
8/11/2016 18:51,265,992,3953
8/11/2016 17:34,194,663,2189
8/11/2016 15:56,582,6170,17215
8/10/2016 20:26,242,380,2196
8/10/2016 17:36,232,554,2531
8/10/2016 15:37,606,3388,12664
8/9/2016 20:54,524,5570,12311
8/9/2016 19:01,208,1112,3376
8/9/2016 16:59,201,1128,3730
8/9/2016 14:59,183,1153,3323
8/8/2016 21:00,517,1618,6249
8/8/2016 19:41,156,985,3848
8/8/2016 18:13,156,505,1817
8/8/2016 16:40,361,1720,7390
8/8/2016 15:16,298,1803,4023
8/6/2016 19:17,519,1791,8219
8/5/2016 21:12,482,4111,13509
8/5/2016 19:30,239,696,1649
8/5/2016 18:18,669,3217,11874
8/5/2016 16:49,286,1690,5852
8/5/2016 15:42,466,1649,6982
8/5/2016 14:31,450,3012,9842
8/4/2016 22:29,682,1218,5898
8/4/2016 20:01,1401,4927,18027
8/4/2016 17:46,1351,1728,8034
8/4/2016 16:22,323,1457,6337
8/4/2016 14:24,870,2118,10266
8/3/2016 23:32,1403,3438,10384
8/3/2016 21:42,227,855,3788
8/3/2016 20:06,630,1078,5112
8/3/2016 18:35,149,595,2273
8/3/2016 17:11,290,1639,6339
8/3/2016 15:37,1401,1958,10412
8/2/2016 20:46,1100,2886,10807
8/2/2016 19:45,303,774,2550
8/2/2016 18:21,761,8604,18846
8/2/2016 16:41,266,1916,4565
8/2/2016 15:28,664,851,4614
8/1/2016 20:58,208,978,3201
8/1/2016 18:45,824,7414,16855
8/1/2016 16:47,475,1278,6853
8/1/2016 15:38,185,729,2993
7/30/2016 18:58,441,1408,5678
7/30/2016 17:36,1114,1578,7974
7/30/2016 16:39,121,470,2214
7/29/2016 20:22,419,3287,7941
7/29/2016 19:05,250,764,2941
7/29/2016 17:42,634,5930,17720
7/29/2016 16:10,619,1262,6427
7/28/2016 20:41,337,913,3109
7/28/2016 19:41,244,1149,3241
7/28/2016 16:55,217,510,2446
7/28/2016 15:31,385,1341,4992
7/27/2016 19:38,850,2086,8372
7/27/2016 17:24,409,1172,4864
7/27/2016 15:38,775,5696,17817
7/26/2016 20:33,349,742,3899
7/26/2016 19:45,741,6085,16151
7/26/2016 18:36,623,2180,8314
7/26/2016 16:25,297,1171,3576
7/26/2016 15:13,444,2906,9951
7/25/2016 21:29,451,1166,3930
7/25/2016 20:33,840,4984,14285
7/25/2016 19:27,109,341,905
7/25/2016 18:02,246,722,2810
7/25/2016 17:02,439,3851,11518
7/25/2016 15:55,535,3603,10143
7/23/2016 17:54,704,1565,6678
7/23/2016 16:08,248,626,2798
7/22/2016 16:41,501,1022,3550
7/22/2016 15:23,376,3364,9476
7/21/2016 20:50,189,626,2539
7/21/2016 19:13,531,2588,9051
7/21/2016 17:55,778,5538,13290
7/21/2016 15:59,767,4578,15930
7/20/2016 19:34,469,1731,4093
7/20/2016 17:33,238,1041,2735
7/20/2016 15:38,275,1056,2932
7/19/2016 16:10,760,7701,13033
7/18/2016 20:43,364,1158,3317
7/18/2016 18:45,393,1110,4211
7/18/2016 16:42,271,952,2618
7/17/2016 21:03,537,751,2657
7/15/2016 18:58,569,591,2889
7/14/2016 21:28,606,837,3214
7/14/2016 18:33,344,482,2096
7/14/2016 16:27,251,603,2353
7/13/2016 16:17,576,1561,5649
7/12/2016 18:47,597,840,3452
7/12/2016 16:59,287,709,3102
7/8/2016 14:53,1353,2206,5257
7/7/2016 22:17,703,1114,1798
7/4/2016 16:01,1358,5754,23986
7/3/2016 19:19,1241,6230,21517
7/2/2016 15:05,438,777,2855
7/1/2016 21:54,519,1413,4637
7/1/2016 20:54,253,719,2399
7/1/2016 19:17,427,1460,5934
7/1/2016 19:12,312,1191,6587
7/1/2016 17:18,258,506,2205
7/1/2016 15:55,391,1245,3522
7/1/2016 2:35,421,1120,6882
7/1/2016 0:05,413,1334,3703
6/30/2016 21:54,356,1124,5953
6/30/2016 19:29,537,2644,9534
6/30/2016 17:49,207,465,2769
6/30/2016 15:34,263,4435,13075
6/29/2016 22:30,536,890,3094
6/29/2016 21:17,320,1457,5557
6/28/2016 18:36,624,970,2835
6/28/2016 17:36,834,5673,16801
6/28/2016 16:35,138,594,2237
6/28/2016 15:35,255,3239,10332
6/27/2016 21:04,354,1214,5590
6/27/2016 20:38,86,292,1141
6/27/2016 19:34,462,3962,12057
6/27/2016 18:15,305,838,3080
6/27/2016 16:58,195,1581,4645
6/27/2016 15:23,111,895,1801
6/27/2016 0:33,302,875,3152
6/26/2016 23:25,361,2459,7939
6/26/2016 22:13,192,1205,4038
6/26/2016 21:07,253,824,3756
6/26/2016 19:41,330,1547,4724
6/26/2016 17:49,745,29787,54401
6/26/2016 14:00,185,643,2444
6/25/2016 21:20,823,5554,17357
6/25/2016 19:14,155,554,2335
6/24/2016 23:15,395,1390,3328
6/24/2016 21:12,278,813,2984
6/24/2016 19:57,222,1376,3787
6/24/2016 18:35,282,1846,5467
6/24/2016 16:52,240,665,2190
6/24/2016 15:33,651,6742,13968
6/23/2016 22:22,489,1284,3465
6/23/2016 21:02,861,4963,14237
6/23/2016 18:39,324,697,2153
6/23/2016 17:34,313,741,1455
6/23/2016 15:53,260,477,1506
6/23/2016 1:30,767,6844,17794
6/22/2016 22:33,379,4142,9552
6/22/2016 18:39,1787,11096,18469
6/22/2016 17:31,686,4659,12869
6/22/2016 15:16,242,1273,3675
6/21/2016 22:02,264,1264,3862
6/21/2016 20:52,245,516,1758
6/21/2016 19:47,225,1147,3511
6/21/2016 17:45,317,1474,5610
6/21/2016 15:46,4272,64984,120391
6/20/2016 19:29,400,572,2461
6/20/2016 17:09,337,505,1935
6/20/2016 16:09,216,765,2709
6/19/2016 17:59,427,2024,6785
6/19/2016 16:49,1208,11843,45146
6/18/2016 23:28,385,832,3203
6/18/2016 19:28,349,3046,8367
6/18/2016 15:31,835,5221,21267
6/17/2016 21:07,474,2100,6468
6/17/2016 18:23,741,1737,4385
6/17/2016 1:41,502,1307,3281
6/13/2016 16:52,1732,7900,17415
6/12/2016 18:36,1822,8598,11535
6/12/2016 17:17,485,2378,2619
6/10/2016 20:56,963,19013,36140
6/10/2016 19:53,484,5925,12242
6/10/2016 17:47,271,1572,4112
6/10/2016 16:25,217,1774,3655
6/10/2016 0:43,477,1679,8238
6/8/2016 21:31,795,6252,15902
6/7/2016 21:57,624,3951,10912
6/7/2016 20:52,222,1008,3054
6/7/2016 18:33,291,701,2181
6/7/2016 16:58,186,620,2434
6/7/2016 15:24,580,7482,16626
6/6/2016 21:46,780,2746,8389
6/6/2016 19:09,339,1752,4401
6/6/2016 17:00,220,416,1844
6/6/2016 15:32,2369,16096,29352
6/4/2016 15:41,755,9016,23526
6/3/2016 20:45,352,808,2545
6/3/2016 19:38,426,1831,5845
6/3/2016 17:35,279,463,1767
6/3/2016 15:57,225,556,1909
6/2/2016 23:30,322,1705,3818
6/2/2016 22:31,395,1526,3844
6/2/2016 21:24,493,2893,6825
6/2/2016 20:09,293,2214,4733
6/2/2016 18:08,417,1565,3904
6/2/2016 16:53,542,3448,8331
6/2/2016 15:34,4130,18095,42159
6/1/2016 23:47,226,392,1427
6/1/2016 23:05,91,274,579
6/1/2016 22:04,388,3512,5060
6/1/2016 21:08,201,412,1323
6/1/2016 20:20,281,1192,2336
6/1/2016 19:53,401,2798,7815
6/1/2016 19:31,175,399,1223
6/1/2016 18:33,132,364,1094
6/1/2016 16:37,204,709,2110
6/1/2016 15:19,280,611,2598
5/31/2016 22:23,314,653,2883
5/31/2016 20:12,223,729,2086
5/31/2016 16:51,530,4138,11076
5/31/2016 15:21,268,477,1675
5/30/2016 18:21,760,6464,21237
5/30/2016 14:36,281,1259,4827
5/29/2016 16:47,130,328,1083
5/27/2016 21:26,624,941,3065
5/27/2016 18:28,357,595,2103
5/27/2016 15:53,355,1477,5006
5/26/2016 20:14,359,758,2283
5/26/2016 18:37,370,2277,6298
5/26/2016 15:50,437,729,3022
5/25/2016 22:25,679,5201,10086
5/25/2016 19:14,224,582,1696
5/25/2016 18:07,303,2926,7421
5/25/2016 16:06,378,1227,5979
5/24/2016 21:47,307,630,2118
5/24/2016 20:20,231,334,1361
5/24/2016 18:29,214,504,1613
5/24/2016 17:08,725,699,2999
5/24/2016 15:58,273,1905,5502
5/23/2016 20:08,308,517,2552
5/23/2016 17:17,230,544,1739
5/23/2016 15:47,260,855,2653
5/22/2016 22:18,589,5509,11837
5/21/2016 23:40,392,1331,5121
5/21/2016 15:08,285,560,2364
5/20/2016 21:35,518,537,2337
5/20/2016 20:51,238,747,2270
5/20/2016 17:06,242,865,2641
5/20/2016 15:46,185,624,1769
5/19/2016 21:11,320,932,2727
5/19/2016 19:37,352,528,2449
5/19/2016 17:21,418,2199,7849
5/19/2016 16:02,161,464,1731
5/18/2016 22:03,645,554,2622
5/18/2016 21:18,195,970,2182
5/18/2016 20:22,220,496,1736
5/18/2016 18:53,144,242,976
5/18/2016 18:01,218,1181,4126
5/18/2016 15:35,138,468,1661
5/18/2016 0:35,189,819,1606
5/17/2016 21:58,976,688,3345
5/17/2016 19:04,202,609,2243
5/17/2016 17:15,205,533,1614
5/17/2016 15:11,525,2870,9071
5/16/2016 21:48,406,2053,3768
5/16/2016 20:53,222,506,1669
5/16/2016 18:58,170,369,1418
5/16/2016 17:38,140,379,1317
5/16/2016 16:06,225,665,2167
5/13/2016 22:01,1010,3305,8467
5/13/2016 21:01,240,457,1515
5/13/2016 19:53,188,462,1529
5/13/2016 18:33,795,2344,6008
5/13/2016 17:27,200,438,1566
5/13/2016 15:31,194,579,2296
5/12/2016 21:28,264,472,1581
5/12/2016 19:16,311,467,1535
5/12/2016 17:37,426,2033,7453
5/12/2016 15:33,730,3588,10895
5/11/2016 22:35,434,2436,5965
5/11/2016 19:26,255,549,1932
5/11/2016 16:17,190,490,1772
5/10/2016 20:59,452,1784,6006
5/10/2016 20:07,122,245,712
5/10/2016 18:55,190,609,1888
5/10/2016 16:16,531,3219,9035
5/9/2016 19:39,422,790,2471
5/9/2016 17:24,398,1295,4314
5/9/2016 15:13,179,377,1697
5/8/2016 17:26,387,1824,6805
5/6/2016 21:05,524,833,2869
5/6/2016 18:48,418,821,2259
5/6/2016 16:45,517,2867,8647
5/6/2016 16:16,189,387,1383
5/6/2016 13:39,365,1661,5192
5/5/2016 21:12,439,1423,4520
5/5/2016 19:13,251,747,2200
5/5/2016 17:12,143,363,1486
5/5/2016 16:13,215,2054,4573
5/4/2016 22:12,516,908,3067
5/4/2016 20:11,193,449,1434
5/4/2016 18:00,449,4620,6124
5/4/2016 15:51,169,483,1629
5/3/2016 20:33,243,423,1449
5/3/2016 17:44,490,2228,7189
5/3/2016 16:40,384,712,2805
5/3/2016 14:00,355,2265,6833
5/2/2016 21:31,346,870,2565
5/2/2016 20:08,375,1373,5070
5/2/2016 18:46,155,455,1368
5/2/2016 15:59,294,913,2523
5/1/2016 22:26,542,2858,9163
5/1/2016 20:15,251,883,2929
5/1/2016 2:05,409,1610,4674
4/30/2016 22:28,354,667,2216
4/30/2016 21:18,366,1085,3929
4/30/2016 15:36,300,947,3196
4/29/2016 21:06,682,3489,7291
4/29/2016 15:10,350,1046,3729
4/28/2016 21:18,379,750,2196
4/28/2016 20:21,453,3586,8873
4/28/2016 18:08,410,1236,2995
4/28/2016 15:30,317,977,3801
4/27/2016 22:20,307,600,1857
4/27/2016 21:15,313,1260,3096
4/27/2016 20:09,275,1114,4118
4/27/2016 18:40,231,820,2325
4/27/2016 16:44,242,800,2061
4/26/2016 20:58,391,1700,3595
4/26/2016 20:02,240,640,1568
4/26/2016 18:15,418,3006,8405
4/26/2016 16:29,199,843,2371
4/25/2016 21:43,459,1972,3882
4/25/2016 19:22,499,2997,7118
4/25/2016 17:28,242,481,1443
4/25/2016 15:24,509,1966,6083
4/23/2016 19:36,667,1139,3411
4/23/2016 18:07,212,550,2077
4/23/2016 15:55,239,974,3818
4/22/2016 22:35,499,2593,6493
4/22/2016 22:22,198,2368,9832
4/22/2016 21:53,428,2435,7042
4/22/2016 21:18,116,914,1758
4/22/2016 19:34,262,885,2349
4/22/2016 18:08,242,520,1465
4/22/2016 17:19,124,791,1705
4/22/2016 16:08,232,1326,3367
4/22/2016 15:47,109,576,1964
4/21/2016 20:07,775,17899,37092
4/21/2016 16:21,294,1048,3879
4/20/2016 21:23,254,1042,2244
4/20/2016 19:37,316,587,1605
4/20/2016 17:26,304,1860,5952
4/20/2016 16:00,193,616,1925
4/19/2016 22:08,316,536,1607
4/19/2016 19:26,646,6479,12130
4/19/2016 17:52,177,605,1870
4/19/2016 15:43,214,661,1959
4/18/2016 22:23,324,1432,4439
4/18/2016 20:56,283,1003,3215
4/18/2016 19:55,254,1441,2161
4/18/2016 17:56,386,2035,4829
4/18/2016 15:44,193,878,2737
4/15/2016 20:57,434,807,3003
4/15/2016 15:55,747,1308,5061
4/14/2016 21:53,296,985,2775
4/14/2016 17:32,477,2032,5478
4/14/2016 16:14,228,707,2052
4/13/2016 20:53,196,784,1849
4/13/2016 19:05,178,314,1286
4/13/2016 17:45,101,304,1035
4/13/2016 17:19,235,1526,4444
4/13/2016 15:46,162,762,2109
4/12/2016 22:13,427,3104,6951
4/12/2016 21:13,213,1355,3027
4/12/2016 19:25,431,9639,9539
4/12/2016 17:37,177,626,1691
4/12/2016 16:23,354,1556,4349
4/12/2016 15:36,152,665,1827
4/12/2016 15:06,146,628,1996
4/12/2016 14:24,166,970,2172
4/11/2016 21:50,674,5025,20095
4/11/2016 21:06,175,458,1546
4/11/2016 19:29,409,2807,8100
4/11/2016 17:11,204,449,1799
4/11/2016 15:34,361,3837,7080
4/8/2016 21:23,442,932,2705
4/8/2016 18:52,493,2295,5224
4/8/2016 17:04,531,869,3669
4/8/2016 15:45,351,2044,8217
4/7/2016 22:06,310,1121,3548
4/7/2016 20:33,211,462,1266
4/7/2016 19:47,175,446,1791
4/7/2016 19:02,161,278,1021
4/7/2016 18:12,225,1154,4248
4/7/2016 17:03,205,457,1837
4/7/2016 15:34,506,3839,11993
4/6/2016 22:17,530,4683,11106
4/6/2016 20:20,73,271,609
4/6/2016 18:27,254,1187,3511
4/6/2016 16:57,103,343,1041
4/6/2016 15:55,326,1743,3246
4/5/2016 22:13,250,1068,3158
4/5/2016 20:09,337,664,2445
4/5/2016 18:17,313,910,2540
4/5/2016 16:16,186,348,1383
4/5/2016 15:34,130,382,1363
4/4/2016 21:23,278,798,2382
4/4/2016 19:36,250,1125,3669
4/4/2016 17:38,381,3523,9791
4/4/2016 16:06,170,346,1657
4/1/2016 19:16,857,2868,8442
4/1/2016 17:54,284,1164,3404
4/1/2016 16:12,870,3886,12176
4/1/2016 14:30,309,1596,5254
3/31/2016 22:41,241,440,1625
3/31/2016 21:22,210,415,1984
3/31/2016 20:12,154,296,1422
3/31/2016 18:57,241,1022,4449
3/31/2016 16:56,120,355,1454
3/31/2016 15:14,396,828,4742
3/30/2016 22:24,210,437,2343
3/30/2016 21:23,167,313,1489
3/30/2016 19:13,284,1863,3624
3/30/2016 17:12,174,521,3013
3/30/2016 15:10,206,374,1715
3/29/2016 22:03,364,840,4532
3/29/2016 20:05,192,497,2137
3/29/2016 18:27,266,890,3096
3/29/2016 16:54,146,631,2116
3/29/2016 15:08,343,1279,3412
3/28/2016 21:40,384,1944,5481
3/28/2016 17:03,399,570,2988
3/28/2016 14:39,149,421,1798
3/28/2016 14:18,146,1218,3089
3/27/2016 17:43,1140,7866,32989
3/25/2016 21:40,988,2877,13182
3/25/2016 20:38,218,669,2605
3/25/2016 19:46,83,337,1115
3/25/2016 18:46,440,1163,3839
3/25/2016 16:59,426,3783,10578
3/25/2016 15:16,438,1089,4547
3/24/2016 21:51,329,1797,5123
3/24/2016 19:58,165,639,1979
3/24/2016 18:21,291,1887,5518
3/24/2016 16:33,183,611,2485
3/24/2016 15:44,143,386,1664
3/23/2016 22:42,619,6335,22002
3/23/2016 21:54,401,1380,6466
3/23/2016 20:48,407,1197,4824
3/23/2016 19:42,90,156,613
3/23/2016 19:02,80,421,818
3/23/2016 17:47,971,4378,16604
3/23/2016 16:19,289,994,4241
3/22/2016 14:50,1092,5492,9016
3/21/2016 21:37,349,377,1989
3/21/2016 17:48,479,3657,9707
3/21/2016 14:01,235,1514,3764
3/19/2016 19:45,844,3622,10174
3/19/2016 17:13,282,940,3980
3/18/2016 21:05,345,812,2664
3/18/2016 19:40,179,500,1852
3/18/2016 17:03,1183,32757,25211
3/18/2016 15:52,192,1163,2616
3/17/2016 22:05,407,2319,8830
3/17/2016 21:24,225,475,1714
3/17/2016 19:19,602,4212,13073
3/17/2016 17:24,334,2714,6446
3/17/2016 16:33,210,1168,2665
3/16/2016 20:58,508,2872,8030
3/16/2016 15:04,252,672,2243
3/16/2016 13:41,162,691,1818
3/15/2016 19:55,357,990,2465
3/15/2016 18:31,206,828,2088
3/15/2016 16:42,212,1081,2003
3/15/2016 15:30,201,725,2312
3/14/2016 21:54,533,2922,11183
3/14/2016 20:23,271,1250,3385
3/14/2016 16:52,561,4631,10019
3/14/2016 15:37,215,721,2088
3/11/2016 21:59,568,4980,9278
3/11/2016 21:03,226,544,1545
3/11/2016 18:09,411,1449,4974
3/11/2016 16:03,275,885,2181
3/10/2016 23:06,379,1069,3202
3/10/2016 21:29,177,765,2350
3/10/2016 20:04,284,1218,2439
3/10/2016 18:46,173,905,2416
3/10/2016 16:31,145,927,1945
3/9/2016 21:35,261,969,2529
3/9/2016 19:49,135,1088,1806
3/9/2016 18:13,433,1424,4407
3/9/2016 16:42,169,582,1782
3/8/2016 23:01,428,3521,8816
3/8/2016 21:50,236,1242,3119
3/8/2016 20:20,173,319,1042
3/8/2016 18:23,404,7745,13404
3/8/2016 16:35,152,873,2221
3/7/2016 23:09,522,6370,19243
3/7/2016 20:49,355,3464,4983
3/7/2016 18:47,209,836,2185
3/7/2016 16:24,325,1306,3920
3/6/2016 21:16,256,2420,6115
3/4/2016 23:15,377,1317,3254
3/4/2016 22:05,239,804,2076
3/4/2016 20:50,374,3624,7720
3/4/2016 19:02,277,940,2880
3/4/2016 17:18,308,1275,3543
3/4/2016 15:40,306,2123,5826
3/3/2016 22:45,356,1421,4282
3/3/2016 20:49,312,1096,2686
3/3/2016 19:53,93,333,1100
3/3/2016 18:18,175,999,2163
3/3/2016 17:20,114,340,1117
3/3/2016 16:19,181,977,2140
3/2/2016 22:38,258,2829,4243
3/2/2016 21:07,452,3433,6860
3/2/2016 18:49,215,1128,2304
3/2/2016 16:32,416,7074,12370
3/1/2016 23:25,201,888,2239
3/1/2016 22:22,256,1330,2804
3/1/2016 20:50,367,2807,5260
3/1/2016 18:37,172,621,2041
3/1/2016 17:02,156,891,3120
2/29/2016 23:05,612,4467,8795
2/29/2016 20:53,228,1441,2797
2/29/2016 19:05,174,666,1779
2/29/2016 16:17,130,444,1572
2/29/2016 15:59,430,8297,9497
2/29/2016 4:31,72,805,2354
2/26/2016 23:08,485,1390,3957
2/26/2016 22:00,227,604,1793
2/26/2016 20:55,298,1350,3521
2/26/2016 19:25,453,2530,6052
2/26/2016 18:46,142,412,1200
2/26/2016 18:39,134,498,1215
2/26/2016 17:56,94,392,1117
2/26/2016 16:47,212,1037,2293
2/26/2016 1:02,408,3188,6197
2/25/2016 21:55,340,1387,3019
2/25/2016 19:20,1057,15937,16529
2/25/2016 16:42,166,1012,2706
2/24/2016 22:56,178,1964,3205
2/24/2016 19:14,600,4015,5914
2/24/2016 17:50,176,832,1817
2/24/2016 14:46,175,721,1852
2/23/2016 22:59,646,4317,6007
2/23/2016 18:33,703,9278,11243
2/23/2016 17:19,196,617,2064
2/23/2016 15:31,164,414,1326
2/22/2016 22:58,278,875,2487
2/22/2016 19:57,217,896,2047
2/22/2016 18:32,488,4116,8133
2/22/2016 17:10,186,671,1925
2/21/2016 18:50,722,2102,4363
2/21/2016 0:34,118,521,2346
2/20/2016 20:38,143,1739,3433
2/19/2016 20:01,284,491,1759
2/19/2016 17:13,364,1429,2680
2/18/2016 20:17,547,2125,5610
2/18/2016 18:30,277,2086,2818
2/18/2016 17:13,116,499,1832
2/17/2016 22:23,214,471,1609
2/17/2016 20:01,402,1215,3501
2/17/2016 17:51,279,812,1988
2/16/2016 2:29,630,14092,16149
2/14/2016 21:59,427,1358,4198
2/14/2016 19:49,475,4982,11671
2/13/2016 21:27,452,1409,4206
2/13/2016 15:32,614,10216,11637
2/12/2016 22:56,281,1153,3636
2/12/2016 21:02,218,977,3417
2/12/2016 19:20,367,2240,6627
2/12/2016 17:17,204,811,2765
2/12/2016 15:35,143,1139,2811
2/12/2016 0:50,448,3675,11727
2/11/2016 21:42,349,2654,8311
2/11/2016 20:06,181,806,2686
2/11/2016 18:25,286,3339,6190
2/11/2016 17:09,355,1293,3550
2/10/2016 20:57,246,384,1501
2/10/2016 19:31,94,319,1128
2/10/2016 17:42,168,397,1475
2/9/2016 22:32,542,3033,8726
2/9/2016 21:11,118,418,1074
2/9/2016 19:13,225,1027,2734
2/9/2016 16:38,165,677,2116
2/8/2016 22:00,142,536,1597
2/8/2016 20:12,239,565,1502
2/8/2016 18:30,327,1810,3652
2/8/2016 16:31,179,547,1762
2/6/2016 17:04,581,1107,3420
2/6/2016 16:04,142,488,1932
2/5/2016 22:49,283,820,2288
2/5/2016 21:27,165,690,1788
2/5/2016 19:17,258,948,2265
2/5/2016 17:32,129,324,1195
2/5/2016 16:35,295,1594,4171
2/4/2016 23:27,331,1056,2343
2/4/2016 23:05,60,647,1197
2/4/2016 21:35,203,541,1705
2/4/2016 18:59,395,1408,3805
2/4/2016 17:03,137,511,1695
2/3/2016 21:39,269,851,2317
2/3/2016 19:38,328,1556,5303
2/3/2016 18:04,248,471,1579
2/2/2016 22:52,801,4104,8335
2/2/2016 20:58,90,453,1215
2/2/2016 18:51,158,380,1835
2/2/2016 16:49,172,394,1583
1/31/2016 22:41,384,945,4051
1/31/2016 18:55,223,760,2264
1/31/2016 17:40,153,666,1988
1/31/2016 17:24,27,197,603
1/30/2016 23:07,212,507,1632
1/30/2016 23:00,125,449,1234
1/30/2016 16:35,235,500,1970
1/30/2016 15:12,137,485,1488
1/29/2016 22:23,182,476,1503
1/29/2016 20:30,309,1611,3848
1/29/2016 19:12,285,1145,3041
1/29/2016 17:54,256,2637,6991
1/29/2016 17:17,111,676,1720
1/29/2016 16:45,132,1194,1718
1/29/2016 16:11,70,348,1206
1/29/2016 0:07,251,568,1950
1/28/2016 22:00,130,427,1129
1/28/2016 19:17,104,658,1315
1/28/2016 18:22,151,387,1085
1/28/2016 16:53,451,1585,5980
1/27/2016 22:46,266,1481,3177
1/27/2016 20:53,195,464,2069
1/27/2016 18:10,264,935,2047
1/27/2016 15:56,297,1264,3256
1/26/2016 23:27,191,439,1454
1/26/2016 21:54,251,1550,3821
1/26/2016 20:06,357,1307,4862
1/26/2016 18:39,292,464,1501
1/25/2016 23:00,365,756,3448
1/25/2016 20:52,182,639,1573
1/25/2016 18:46,196,601,2136
1/25/2016 16:20,238,1336,2314
1/23/2016 20:54,561,763,2969
1/23/2016 19:15,269,647,2540
1/22/2016 21:56,357,837,2630
1/22/2016 20:22,327,1801,7522
1/22/2016 18:33,572,4509,9527
1/22/2016 17:16,457,4107,9062
1/21/2016 22:03,179,336,1218
1/21/2016 21:04,248,1434,6217
1/21/2016 19:01,274,550,2521
1/21/2016 17:57,203,1012,2676
1/21/2016 16:25,190,654,2244
1/20/2016 23:13,316,1112,2012
1/20/2016 20:50,155,401,1261
1/20/2016 19:26,92,322,1205
1/20/2016 19:03,139,640,1559
1/20/2016 17:45,134,291,1251
1/20/2016 16:04,93,310,1176
1/19/2016 20:19,302,580,1511
1/19/2016 18:35,504,641,1849
1/19/2016 15:58,297,818,2579
1/18/2016 16:38,635,5504,10794
1/17/2016 22:06,983,9729,28123
1/16/2016 16:57,520,1160,3946
1/16/2016 15:40,198,597,2439
1/15/2016 23:37,233,811,2654
1/15/2016 21:09,186,753,2046
1/15/2016 19:19,140,339,1206
1/15/2016 18:50,74,288,965
1/15/2016 18:22,372,1992,5248
1/15/2016 17:30,132,374,1245
1/15/2016 16:11,95,326,1151
1/14/2016 22:36,104,310,1213
1/14/2016 20:37,201,1000,2285
1/14/2016 17:31,250,1012,3017
1/14/2016 16:13,103,327,1109
1/14/2016 15:26,111,374,1156
1/13/2016 22:31,246,454,1609
1/13/2016 20:20,142,222,956
1/13/2016 19:28,154,337,1626
1/13/2016 18:35,276,2640,5804
1/13/2016 17:32,185,345,1528
1/13/2016 16:15,139,1003,1905
1/13/2016 3:13,460,936,3673
1/13/2016 3:12,399,7278,12075
1/13/2016 3:09,1012,20134,37617
1/13/2016 3:06,181,2726,5065
1/13/2016 3:04,227,4574,6934
1/13/2016 3:03,116,2564,4654
1/13/2016 3:03,111,1959,3839
1/13/2016 3:02,73,1447,3073
1/13/2016 3:01,135,3138,4851
1/13/2016 3:00,206,6231,8267
1/13/2016 2:54,126,444,1398
1/13/2016 2:50,28,155,573
1/13/2016 2:47,136,1517,3283
1/13/2016 2:46,160,2177,3991
1/13/2016 2:45,58,824,2171
1/13/2016 2:45,142,2325,4436
1/13/2016 2:44,44,740,2085
1/13/2016 2:44,42,593,1960
1/13/2016 2:43,43,913,2158
1/13/2016 2:43,20,487,869
1/13/2016 2:42,102,3475,5610
1/13/2016 2:41,157,1973,4552
1/13/2016 2:40,50,1353,2497
1/13/2016 2:39,60,1399,2718
1/13/2016 2:38,63,1064,2475
1/13/2016 2:37,60,937,2014
1/13/2016 2:36,176,5063,7676
1/13/2016 2:35,47,579,1578
1/13/2016 2:34,77,1231,2328
1/13/2016 2:34,50,699,1862
1/13/2016 2:33,86,1196,2613
1/13/2016 2:31,77,1208,2498
1/13/2016 2:30,60,1427,2480
1/13/2016 2:30,102,2818,4047
1/13/2016 2:28,89,2164,3663
1/13/2016 2:28,57,1333,2336
1/13/2016 2:27,211,4315,7206
1/13/2016 2:26,80,1673,2914
1/13/2016 2:25,46,623,1467
1/13/2016 2:24,35,467,1395
1/13/2016 2:23,72,1379,2232
1/13/2016 2:23,53,713,1473
1/13/2016 2:22,61,791,1662
1/13/2016 2:21,60,1660,2694
1/13/2016 2:20,22,672,1649
1/13/2016 2:19,38,535,1315
1/13/2016 2:16,97,1130,2290
1/13/2016 2:15,172,2434,4565
1/13/2016 2:14,55,891,2145
1/13/2016 2:13,70,905,2017
1/13/2016 2:06,82,928,1390
1/13/2016 1:04,136,1049,2500
1/13/2016 0:06,254,696,1921
1/12/2016 22:55,304,3955,5247
1/12/2016 21:14,240,806,2277
1/12/2016 19:27,221,834,2187
1/12/2016 17:42,845,10682,19530
1/12/2016 15:57,603,4397,9150
1/11/2016 22:58,377,989,3334
1/11/2016 20:34,323,1439,2998
1/11/2016 18:07,233,946,2707
1/11/2016 15:56,98,735,1666
1/11/2016 0:40,348,1089,3069
1/10/2016 22:38,206,748,2322
1/9/2016 22:34,330,753,2631
1/9/2016 19:15,253,577,1999
1/9/2016 18:02,185,399,1651
1/8/2016 23:13,346,952,2859
1/8/2016 22:29,239,727,1667
1/8/2016 21:23,181,433,1624
1/8/2016 19:29,273,1160,3417
1/8/2016 19:11,188,567,1895
1/8/2016 18:50,49,213,668
1/8/2016 17:32,202,583,1636
1/8/2016 16:20,144,883,1628
1/8/2016 14:42,360,1530,4241
1/8/2016 4:10,92,785,1129
1/8/2016 2:15,459,1694,4134
1/8/2016 2:08,295,2402,4473
1/7/2016 23:52,276,993,3012
1/7/2016 21:19,64,179,557
1/7/2016 20:06,358,893,2882
1/7/2016 18:16,364,2664,6467
1/7/2016 16:25,240,619,2230
1/6/2016 21:35,451,1365,3251
1/6/2016 20:00,425,1636,5294
1/6/2016 18:05,255,879,2550
1/6/2016 16:42,428,1001,2968
1/5/2016 23:40,195,984,2913
1/5/2016 22:45,814,4131,8577
1/5/2016 21:36,490,2652,4922
1/5/2016 21:23,86,952,2563
1/5/2016 21:05,83,683,2257
1/5/2016 20:52,196,849,3717
1/5/2016 20:34,305,2590,5559
1/5/2016 20:26,287,1181,4304
1/5/2016 18:33,908,3886,9583
1/5/2016 17:28,627,2840,5655
1/5/2016 17:22,302,2175,3674
1/5/2016 17:04,442,3017,4468
1/5/2016 16:43,231,821,1803
1/5/2016 15:55,264,591,1803
1/5/2016 0:42,934,2328,4142
1/4/2016 22:06,553,2954,8223
1/4/2016 19:02,371,905,2174
1/4/2016 17:26,239,394,1426
1/1/2016 23:37,1251,3623,7207
1/1/2016 18:09,807,3930,14250
1/1/2016 1:25,2020,30403,63906
1/1/2016 0:24,318,986,3964
12/31/2015 23:25,336,1052,3930
12/31/2015 22:25,141,556,1405
12/31/2015 20:25,408,876,3987
12/31/2015 19:24,223,285,1246
12/31/2015 18:15,150,362,1521
12/31/2015 16:54,249,907,3383
12/31/2015 15:57,179,1841,4286
12/30/2015 22:08,292,808,2371
12/30/2015 19:56,427,1526,6479
12/30/2015 18:22,146,505,1807
12/30/2015 16:40,208,465,2229
12/29/2015 21:43,349,2338,5567
12/29/2015 20:31,266,978,2631
12/29/2015 18:29,142,359,1401
12/29/2015 16:49,200,562,1759
12/28/2015 22:26,978,6499,13654
12/28/2015 20:07,300,637,3072
12/28/2015 17:59,71,208,714
12/28/2015 16:53,127,384,1510
12/26/2015 20:16,346,541,2018
12/26/2015 15:45,363,872,3203
12/25/2015 19:36,1173,2320,9491
12/25/2015 18:22,1184,6779,22867
12/24/2015 19:53,333,635,2965
12/24/2015 3:54,141,1320,2527
12/23/2015 19:46,186,827,1465
12/23/2015 18:47,280,487,1846
12/22/2015 21:18,227,437,1675
12/22/2015 18:29,296,598,1968
12/22/2015 16:21,221,480,2140
12/21/2015 21:39,312,985,2933
12/21/2015 20:35,106,289,887
12/21/2015 19:19,392,1058,5039
12/21/2015 18:04,110,345,1257
12/21/2015 17:09,212,905,1499
12/20/2015 20:24,306,663,2890
12/19/2015 23:35,295,470,1891
12/19/2015 18:54,374,747,2474
12/19/2015 16:43,176,469,1409
12/18/2015 22:49,337,627,2130
12/18/2015 21:05,152,525,1311
12/18/2015 19:07,136,290,917
12/18/2015 18:00,101,266,785
12/18/2015 17:55,263,2951,5798
12/18/2015 16:51,244,773,3292
12/18/2015 4:02,381,654,3311
12/17/2015 22:46,274,536,2237
12/17/2015 20:35,122,430,1371
12/17/2015 17:59,124,308,1138
12/17/2015 16:24,159,295,1135
12/17/2015 2:45,251,523,1389
12/16/2015 22:23,138,404,1352
12/16/2015 20:07,186,897,2330
12/16/2015 18:57,195,758,2156
12/16/2015 16:52,145,320,1213
12/15/2015 23:17,223,404,1186
12/15/2015 22:17,241,585,2002
12/15/2015 20:25,218,990,2507
12/15/2015 18:29,230,529,2054
12/15/2015 16:56,100,298,942
12/14/2015 21:00,490,1377,3637
12/14/2015 17:47,142,378,1058
12/14/2015 16:56,102,306,927
12/13/2015 22:02,353,1083,2722
12/12/2015 19:41,257,1425,2054
12/12/2015 18:29,2087,11802,21105
12/11/2015 22:18,347,588,1484
12/11/2015 19:52,167,406,1018
12/11/2015 18:24,123,411,1153
12/11/2015 16:11,159,470,1426
12/10/2015 22:55,230,470,1388
12/10/2015 21:09,190,433,1255
12/10/2015 19:18,198,778,1777
12/10/2015 18:48,323,4670,4850
12/10/2015 16:16,127,489,1237
12/9/2015 23:01,260,869,1453
12/9/2015 21:35,365,966,2812
12/9/2015 20:19,201,920,1952
12/9/2015 18:55,359,1715,2927
12/9/2015 17:03,131,382,1012
12/9/2015 16:06,102,377,1006
12/9/2015 0:06,384,1122,2652
12/8/2015 22:01,401,1381,3062
12/8/2015 20:46,212,673,1635
12/8/2015 18:31,207,909,2076
12/8/2015 17:00,253,679,1992
12/7/2015 23:51,444,707,1904
12/7/2015 18:36,791,2612,5043
12/7/2015 17:34,305,929,1444
12/7/2015 1:02,687,1236,2390
12/7/2015 0:00,223,584,1350
12/5/2015 20:39,1124,1978,4600
12/5/2015 19:33,325,610,1707
12/4/2015 22:00,611,1328,3502
12/4/2015 20:29,258,580,1721
12/4/2015 18:07,246,557,1733
12/4/2015 16:29,361,1264,2915
12/3/2015 19:04,626,796,1501
12/2/2015 19:25,586,857,1936
12/2/2015 16:36,380,1544,3565
12/1/2015 23:26,552,4538,8762
12/1/2015 21:46,149,640,1124
12/1/2015 18:57,390,707,1475
12/1/2015 17:40,244,777,1787
11/30/2015 23:13,335,997,2253
11/30/2015 21:26,222,678,1623
11/30/2015 20:08,227,786,1917
11/30/2015 18:19,128,509,1003
11/30/2015 15:52,127,646,1221
11/30/2015 1:00,265,1278,2634
11/28/2015 22:17,309,468,1431
11/27/2015 20:26,409,909,2528
11/27/2015 18:26,394,1286,3587
11/27/2015 16:22,291,665,2446
11/26/2015 17:49,764,3294,9821
11/26/2015 16:48,736,2925,7270
11/26/2015 2:06,378,1129,2415
11/25/2015 19:47,240,477,1462
11/25/2015 18:30,159,417,1191
11/25/2015 2:41,346,908,2106
11/24/2015 19:17,162,296,1057
11/24/2015 16:31,191,317,1074
11/23/2015 23:25,215,805,1775
11/23/2015 21:17,483,1746,3171
11/23/2015 19:04,240,782,1758
11/23/2015 17:41,114,288,1149
11/21/2015 18:51,518,1255,2495
11/21/2015 0:35,699,1660,4732
11/20/2015 22:16,433,2346,8225
11/20/2015 21:09,165,342,1088
11/20/2015 19:34,276,1186,1732
11/20/2015 17:57,307,986,2157
11/20/2015 16:34,251,838,2018
11/19/2015 22:47,649,2565,5800
11/19/2015 20:36,177,662,1625
11/19/2015 17:47,209,755,1952
11/19/2015 16:09,181,377,1223
11/19/2015 2:25,123,356,793
11/18/2015 23:56,336,684,1845
11/18/2015 20:59,128,263,890
11/18/2015 20:01,243,756,1689
11/18/2015 16:19,346,969,2296
11/17/2015 21:18,199,504,1281
11/17/2015 19:06,406,1317,3349
11/17/2015 16:30,207,666,1771
11/16/2015 23:25,414,457,1305
11/16/2015 20:36,266,519,1539
11/16/2015 18:04,66,269,507
11/14/2015 17:26,1346,22253,25857
11/13/2015 21:16,273,1259,1575
11/13/2015 19:14,796,1908,5388
11/13/2015 17:32,257,1003,1755
11/12/2015 22:45,341,570,1460
11/12/2015 20:46,109,763,1896
11/12/2015 18:49,157,477,1111
11/12/2015 16:38,138,355,1092
11/11/2015 18:26,449,2720,7038
11/11/2015 16:40,205,678,2234
11/10/2015 23:31,374,957,2080
11/10/2015 22:07,173,346,1089
11/10/2015 20:16,247,322,892
11/10/2015 0:23,121,421,892
11/9/2015 22:09,255,584,1980
11/9/2015 22:08,121,493,1581
11/9/2015 22:07,273,1013,3028
11/9/2015 22:06,247,922,2656
11/9/2015 22:05,111,375,1131
11/9/2015 22:04,55,322,895
11/9/2015 22:03,61,320,917
11/9/2015 22:02,85,451,1255
11/9/2015 22:01,71,335,971
11/9/2015 22:00,76,305,855
11/9/2015 21:59,64,287,782
11/9/2015 21:57,82,572,1190
11/9/2015 21:56,79,350,891
11/9/2015 21:54,56,204,728
11/9/2015 21:51,36,180,566
11/9/2015 21:40,130,454,1188
11/9/2015 19:49,39,140,307
11/7/2015 18:29,579,1125,2853
11/7/2015 16:58,172,318,1064
11/6/2015 22:20,401,1767,2601
11/6/2015 20:47,470,4508,4126
11/6/2015 17:53,293,1069,2405
11/6/2015 17:12,282,1954,3509
11/6/2015 17:09,130,602,1547
11/6/2015 17:08,178,940,2173
11/6/2015 17:07,69,444,1311
11/6/2015 17:05,65,527,1294
11/6/2015 17:04,86,735,1602
11/6/2015 17:02,165,867,1985
11/6/2015 16:59,371,2945,4617
11/6/2015 16:58,53,225,588
11/6/2015 15:52,225,1029,2092
11/5/2015 22:16,211,344,788
11/5/2015 20:53,151,362,1038
11/5/2015 19:36,147,324,956
11/5/2015 17:04,137,376,852
11/5/2015 14:47,153,497,890
11/4/2015 22:10,221,518,1450
11/4/2015 18:19,197,372,1172
11/4/2015 17:15,139,338,934
11/3/2015 22:38,252,428,1063
11/3/2015 20:20,48,270,702
11/3/2015 16:56,209,447,1234
11/2/2015 23:17,357,1389,2926
11/2/2015 21:16,145,411,893
11/2/2015 20:30,148,376,821
11/2/2015 18:42,90,347,871
11/2/2015 16:48,229,586,1464
11/1/2015 21:56,255,464,994
11/1/2015 21:04,140,402,873
11/1/2015 20:04,205,494,1293
11/1/2015 18:44,124,366,806
11/1/2015 17:19,121,485,1063
10/31/2015 23:01,528,3423,8487
10/31/2015 21:56,173,515,1225
10/31/2015 18:27,742,1063,1807
10/31/2015 16:45,190,438,1057
10/30/2015 22:42,153,465,952
10/30/2015 21:23,247,961,2892
10/30/2015 19:40,53,230,704
10/30/2015 17:37,236,860,2401
10/30/2015 16:26,259,901,2973
10/29/2015 21:45,250,812,1397
10/29/2015 19:49,148,298,722
10/29/2015 17:31,217,853,1736
10/29/2015 15:36,328,1487,3458
10/28/2015 22:40,119,310,566
10/28/2015 22:00,290,897,1827
10/28/2015 19:03,121,423,911
10/28/2015 17:33,217,684,1379
10/28/2015 15:44,248,604,1298
10/28/2015 0:35,505,1618,2853
10/27/2015 23:30,155,1254,1194
10/27/2015 19:16,147,312,741
10/27/2015 18:06,84,285,688
10/27/2015 16:04,131,7383,10126
10/27/2015 15:27,86,317,951
10/26/2015 20:45,112,322,602
10/26/2015 16:27,223,593,1415
10/24/2015 17:58,596,884,2236
10/23/2015 15:30,366,1272,2402
10/22/2015 18:34,313,494,1151
10/22/2015 16:14,112,361,1042
10/21/2015 18:45,256,443,1208
10/21/2015 17:44,111,350,874
10/20/2015 22:43,231,1245,2317
10/20/2015 21:20,310,920,1823
10/20/2015 19:04,256,1570,2044
10/20/2015 17:11,84,443,589
10/20/2015 14:58,100,372,857
10/19/2015 21:32,206,1364,2258
10/19/2015 19:17,194,370,924
10/19/2015 17:37,97,231,763
10/19/2015 16:36,104,589,782
10/17/2015 18:01,1136,2646,3357
10/17/2015 17:20,276,624,1458
10/16/2015 21:22,607,6431,5283
10/16/2015 20:03,141,459,940
10/16/2015 18:02,258,992,1811
10/16/2015 15:35,363,1128,2184
10/15/2015 22:28,251,1296,1444
10/15/2015 20:46,126,365,961
10/15/2015 20:10,118,353,1014
10/15/2015 19:09,152,449,841
10/15/2015 17:24,183,751,1395
10/14/2015 22:41,448,1863,5058
10/14/2015 20:17,128,359,901
10/14/2015 18:23,241,2693,2101
10/14/2015 16:59,153,673,1272
10/14/2015 15:19,111,198,551
10/13/2015 21:49,210,306,819
10/13/2015 20:18,126,419,985
10/13/2015 17:30,281,719,1694
10/13/2015 15:10,269,832,1556
10/10/2015 18:30,632,571,1405
10/10/2015 15:46,212,411,1102
10/9/2015 17:01,368,1521,2463
10/8/2015 22:22,534,1335,2315
10/8/2015 19:06,193,429,1102
10/8/2015 16:16,1128,11601,7793
10/8/2015 14:22,332,1302,2402
10/7/2015 21:43,505,1641,2945
10/7/2015 20:28,204,465,893
10/7/2015 18:54,528,1619,2844
10/7/2015 17:56,921,1519,2122
10/7/2015 16:47,120,267,742
10/7/2015 16:00,73,225,623
10/6/2015 20:23,188,456,807
10/6/2015 18:42,222,382,1090
10/6/2015 17:25,228,464,1184
10/6/2015 15:47,186,455,1124
10/5/2015 21:41,661,2575,4693
10/5/2015 20:19,242,348,934
10/5/2015 17:43,147,553,889
10/5/2015 15:54,251,538,1432
10/3/2015 20:01,3327,60865,108377
10/3/2015 18:29,378,1043,2707
10/3/2015 16:59,150,417,1209
10/2/2015 20:14,368,612,1673
10/2/2015 17:26,870,2171,2604
10/2/2015 15:58,897,9825,15307
10/2/2015 13:37,807,4093,4046
10/1/2015 22:04,472,708,901
10/1/2015 17:40,293,1663,1801
10/1/2015 15:24,424,851,2156
10/1/2015 0:47,409,489,1635
9/30/2015 23:26,185,595,1900
9/30/2015 22:26,269,515,1625
9/30/2015 21:19,216,316,1001
9/30/2015 19:45,178,668,2085
9/30/2015 18:40,162,360,1170
9/30/2015 17:21,217,787,2606
9/30/2015 16:18,255,447,1446
9/30/2015 15:07,181,300,931
9/29/2015 22:00,341,728,2289
9/29/2015 18:37,390,1607,4674
9/29/2015 17:33,316,711,2607
9/29/2015 15:13,197,944,2091
9/28/2015 21:03,218,322,894
9/28/2015 19:13,145,455,1154
9/28/2015 16:47,245,367,1227
9/28/2015 14:18,190,576,1098
9/27/2015 16:45,445,560,1814
9/26/2015 18:46,345,1079,2924
9/26/2015 15:09,357,1155,2863
9/25/2015 22:15,300,648,1909
9/25/2015 20:17,197,438,1382
9/25/2015 17:33,232,754,2240
9/25/2015 15:39,256,999,1862
9/24/2015 22:02,427,580,1748
9/24/2015 20:42,198,513,1724
9/24/2015 19:30,420,2548,3971
9/24/2015 16:45,151,398,1082
9/24/2015 15:19,141,452,1189
9/23/2015 22:08,281,697,1616
9/23/2015 19:56,344,2222,3244
9/23/2015 17:46,330,689,1927
9/23/2015 16:41,171,871,2701
9/23/2015 15:24,205,3104,3878
9/23/2015 13:21,156,571,1281
9/22/2015 21:25,299,542,1742
9/22/2015 20:03,123,545,1122
9/22/2015 17:08,262,1442,2557
9/22/2015 16:05,281,839,1713
9/21/2015 22:48,611,1957,6033
9/21/2015 20:50,122,279,821
9/21/2015 17:49,301,1543,1910
9/21/2015 16:37,203,814,1742
9/19/2015 18:12,613,1073,2701
9/19/2015 17:03,240,784,1976
9/18/2015 21:37,214,495,1132
9/18/2015 20:49,287,1932,3570
9/18/2015 19:06,289,2407,2306
9/18/2015 17:19,184,583,1416
9/18/2015 16:00,159,436,1110
9/17/2015 20:47,386,1037,2559
9/17/2015 18:44,198,930,1599
9/17/2015 17:15,123,587,1289
9/17/2015 15:05,404,1856,3763
9/16/2015 22:17,378,707,2078
9/16/2015 20:09,15684,395897,430629
9/16/2015 17:12,376,1876,3430
9/16/2015 15:23,92,293,788
9/15/2015 20:59,265,1771,3352
9/15/2015 18:53,167,646,979
9/15/2015 15:50,263,765,1469
9/14/2015 23:53,61,360,639
9/14/2015 21:06,109,424,940
9/14/2015 20:11,69,323,780
9/14/2015 19:21,207,1050,2399
9/12/2015 18:11,481,1185,2926
9/12/2015 16:53,161,557,1451
9/11/2015 20:12,283,879,1460
9/11/2015 16:26,715,6714,10599
9/10/2015 22:09,601,1050,2072
9/10/2015 19:30,436,4579,3739
9/10/2015 17:12,438,3931,6459
9/10/2015 15:59,193,672,1711
9/9/2015 21:06,409,1290,2955
9/9/2015 19:50,79,379,813
9/9/2015 18:49,85,347,787
9/9/2015 18:34,212,1168,1936
9/9/2015 17:29,116,785,1481
9/9/2015 16:09,153,344,908
9/8/2015 21:17,233,602,1522
9/8/2015 19:15,275,1373,1442
9/8/2015 17:37,181,492,984
9/8/2015 16:30,418,1067,1982
9/7/2015 17:50,449,1706,4281
9/7/2015 16:22,196,1021,2567
9/7/2015 15:21,112,392,1055
9/7/2015 14:48,164,678,1210
9/5/2015 16:58,481,725,1918
9/5/2015 15:43,227,547,1639
9/4/2015 21:03,1273,6444,14912
9/4/2015 20:03,127,531,1500
9/4/2015 18:00,117,355,892
9/4/2015 17:00,248,653,1668
9/4/2015 15:51,189,903,1366
9/4/2015 14:24,305,1354,2826
9/3/2015 21:41,391,589,1384
9/3/2015 19:46,365,2528,5367
9/3/2015 17:42,202,534,1264
9/3/2015 15:36,170,413,982
9/2/2015 21:13,299,494,1271
9/2/2015 18:57,580,2717,3826
9/2/2015 17:36,241,790,1767
9/2/2015 15:42,288,1139,1950
9/1/2015 19:52,432,1715,2323
9/1/2015 16:32,361,1280,2908
9/1/2015 15:18,190,596,1469
8/31/2015 21:21,692,2743,6394
8/31/2015 19:37,200,566,1067
8/31/2015 18:01,240,804,1723
8/31/2015 16:27,107,305,871
8/29/2015 16:34,1133,2271,5388
8/29/2015 15:12,229,526,1549
8/28/2015 20:55,291,420,977
8/28/2015 18:59,145,391,1053
8/28/2015 16:46,214,1157,2184
8/28/2015 15:36,185,722,1559
8/27/2015 21:02,165,541,1150
8/27/2015 19:58,91,341,815
8/27/2015 18:11,318,991,2124
8/27/2015 17:07,144,770,1058
8/27/2015 16:10,81,238,747
8/27/2015 14:52,92,469,1133
8/26/2015 22:13,367,3394,5178
8/26/2015 20:35,247,3187,4416
8/25/2015 22:23,484,1123,1922
8/25/2015 21:11,180,932,1615
8/25/2015 19:07,300,1485,3882
8/25/2015 17:27,86,345,843
8/25/2015 15:26,201,388,942
8/25/2015 0:13,173,427,1007
8/24/2015 23:51,147,713,896
8/24/2015 23:15,103,334,761
8/24/2015 22:11,144,688,1411
8/24/2015 21:01,184,942,1573
8/24/2015 18:05,132,333,808
8/24/2015 15:22,230,635,1273
8/22/2015 16:39,682,1086,2396
8/22/2015 15:35,230,496,1684
8/21/2015 22:04,328,601,1397
8/21/2015 21:01,333,1142,2079
8/21/2015 19:10,251,2410,4784
8/21/2015 17:22,277,1020,1615
8/21/2015 15:37,254,914,1946
8/20/2015 21:13,316,617,1506
8/20/2015 17:30,164,356,1023
8/20/2015 15:29,252,834,1680
8/19/2015 20:24,503,2650,7106
8/19/2015 19:08,155,729,1403
8/19/2015 17:58,151,551,1154
8/19/2015 16:23,176,438,1039
8/19/2015 14:58,189,736,1326
8/18/2015 20:56,187,2244,2642
8/18/2015 17:45,408,884,2023
8/18/2015 15:34,69,381,823
8/17/2015 21:31,222,530,1156
8/17/2015 19:04,376,1100,2019
8/17/2015 16:41,206,701,1554
8/17/2015 15:04,164,471,1241
8/15/2015 14:42,412,691,1894
8/14/2015 21:41,459,874,2073
8/14/2015 17:51,222,864,1638
8/14/2015 16:43,242,1181,2219
8/14/2015 15:26,304,1662,3534
8/13/2015 21:41,179,452,1177
8/13/2015 20:29,497,5707,3530
8/13/2015 19:02,126,615,1203
8/13/2015 16:47,387,1311,2460
8/13/2015 15:15,226,1441,2965
8/12/2015 21:19,216,735,1763
8/12/2015 20:11,494,4443,7107
8/12/2015 18:45,156,425,1004
8/12/2015 17:38,97,441,1096
8/12/2015 16:25,291,831,1802
8/12/2015 15:07,132,489,1049
8/11/2015 22:25,246,1023,1877
8/11/2015 19:48,179,506,922
8/11/2015 17:54,136,411,856
8/11/2015 16:19,229,1118,2199
8/10/2015 21:15,220,406,935
8/10/2015 19:24,168,596,1552
8/10/2015 15:51,420,1206,2671
8/8/2015 17:10,748,1697,3074
8/8/2015 15:44,180,591,1528
8/7/2015 20:53,285,658,1519
8/7/2015 18:26,335,993,2092
8/7/2015 16:20,321,488,1233
8/7/2015 13:43,325,1463,3086
8/6/2015 21:24,411,4947,9378
8/6/2015 20:07,34,185,461
8/6/2015 18:27,141,532,1255
8/6/2015 15:21,164,582,1312
8/5/2015 22:04,251,736,1591
8/5/2015 20:38,127,454,1144
8/5/2015 17:01,382,1381,2418
8/5/2015 16:59,123,383,1090
8/5/2015 16:58,174,436,1285
8/5/2015 16:56,136,570,1308
8/5/2015 16:54,132,1129,1934
8/5/2015 16:53,144,666,1346
8/5/2015 16:51,70,402,978
8/5/2015 16:49,97,383,915
8/5/2015 16:47,156,1478,2351
8/5/2015 16:46,128,922,1636
8/5/2015 16:44,98,467,935
8/5/2015 16:42,51,349,875
8/5/2015 16:41,70,470,954
8/5/2015 16:40,77,373,793
8/5/2015 16:39,56,293,712
8/5/2015 16:38,49,386,785
8/5/2015 16:37,58,403,831
8/5/2015 16:35,109,418,902
8/5/2015 16:34,66,342,819
8/5/2015 16:32,72,387,824
8/5/2015 16:30,58,246,712
8/5/2015 16:29,43,240,603
8/5/2015 16:27,54,242,664
8/5/2015 16:26,55,329,769
8/5/2015 16:25,72,331,706
8/5/2015 16:22,79,287,761
8/5/2015 16:20,66,281,789
8/5/2015 16:19,48,255,662
8/5/2015 16:18,51,307,783
8/5/2015 16:16,85,396,979
8/5/2015 16:14,79,396,963
8/5/2015 16:13,72,353,823
8/5/2015 16:12,106,446,948
8/5/2015 16:10,136,879,1458
8/5/2015 15:58,67,285,643
8/5/2015 14:29,149,407,850
8/4/2015 21:13,1516,2382,6101
8/4/2015 18:54,255,928,1922
8/4/2015 17:21,292,1892,3022
8/4/2015 15:16,3025,9827,15503
8/3/2015 21:46,238,1422,1885
8/3/2015 19:07,295,1473,2403
8/3/2015 18:14,181,749,1225
8/3/2015 17:05,91,420,926
8/3/2015 16:00,1605,4948,8161
8/2/2015 19:54,760,8190,7374
8/2/2015 18:50,634,1000,3171
8/1/2015 23:00,336,759,2199
8/1/2015 17:55,118,530,1192
8/1/2015 16:19,1323,2770,6087
7/31/2015 19:43,549,610,1944
7/31/2015 17:27,159,345,861
7/31/2015 15:46,359,867,2438
7/30/2015 22:26,88,581,825
7/30/2015 21:17,1635,2568,7084
7/30/2015 19:44,306,1519,2566
7/30/2015 17:33,240,1411,2769
7/30/2015 16:13,294,3214,2550
7/29/2015 16:40,440,893,2066
7/28/2015 21:35,446,877,1946
7/28/2015 19:52,301,848,1834
7/28/2015 16:14,120,351,818
7/27/2015 21:33,299,471,1239
7/27/2015 18:20,394,1682,4379
7/27/2015 16:01,209,913,1931
7/25/2015 21:00,543,884,2006
7/25/2015 20:04,168,401,1127
7/24/2015 21:13,305,628,1348
7/24/2015 19:06,221,597,1367
7/24/2015 17:23,236,410,1052
7/23/2015 21:51,360,897,1948
7/23/2015 19:52,228,625,1467
7/23/2015 17:47,374,1210,2411
7/23/2015 16:17,183,641,1474
7/22/2015 20:57,342,615,1287
7/22/2015 16:43,253,888,2293
7/21/2015 19:25,181,1386,2083
7/21/2015 17:32,282,633,1552
7/21/2015 15:17,239,548,1171
7/20/2015 22:01,329,1182,2483
7/20/2015 21:47,287,1132,2540
7/20/2015 21:45,220,629,1769
7/20/2015 21:42,116,669,1448
7/20/2015 21:34,109,444,1031
7/20/2015 20:18,128,416,854
7/20/2015 19:09,485,1899,3838
7/20/2015 16:17,187,556,1436
7/18/2015 15:04,761,866,2219
7/18/2015 13:39,214,535,1217
7/17/2015 20:43,237,566,1470
7/17/2015 19:17,361,1295,2458
7/17/2015 17:44,856,5121,7505
7/17/2015 15:19,143,460,1135
7/16/2015 17:47,402,904,1856
7/15/2015 23:07,423,731,1633
7/15/2015 22:19,180,513,1125
7/15/2015 20:04,258,651,1473
7/15/2015 17:26,274,461,948
7/15/2015 15:45,152,677,1472
7/14/2015 22:06,434,1071,2445
7/14/2015 22:05,178,1161,2230
7/14/2015 22:04,222,1891,2809
7/14/2015 22:03,137,998,1915
7/14/2015 22:02,118,925,1758
7/14/2015 22:01,207,1690,2499
7/14/2015 21:59,115,1844,2235
7/14/2015 21:57,253,1218,2415
7/14/2015 21:56,149,1171,2134
7/14/2015 21:55,148,1021,2018
7/14/2015 21:54,258,2053,3438
7/14/2015 21:52,102,855,1618
7/14/2015 21:51,257,2943,4058
7/14/2015 21:48,158,1412,2463
7/14/2015 21:46,160,919,1700
7/14/2015 21:45,110,1022,1886
7/14/2015 21:44,122,1273,1971
7/14/2015 21:43,296,1502,2261
7/14/2015 21:42,104,1688,2414
7/14/2015 21:41,145,1926,2378
7/14/2015 21:40,154,996,1751
7/14/2015 21:39,107,956,1713
7/14/2015 21:37,52,364,834
7/14/2015 21:36,133,1281,1869
7/14/2015 21:35,147,1483,1916
7/14/2015 21:34,152,1072,1632
7/14/2015 21:32,204,1724,1756
7/14/2015 21:29,212,2826,2535
7/14/2015 21:28,152,2070,2136
7/14/2015 21:27,264,3285,2717
7/14/2015 21:26,95,1026,1168
7/14/2015 21:24,248,2723,3243
7/14/2015 21:24,111,1906,1687
7/14/2015 21:23,123,1698,2070
7/14/2015 21:22,118,1494,1671
7/14/2015 21:21,99,783,1303
7/14/2015 21:20,125,850,1230
7/14/2015 21:18,190,1473,1443
7/14/2015 21:17,150,2243,2025
7/14/2015 21:13,124,1848,2076
7/14/2015 21:12,109,1105,1406
7/14/2015 21:11,97,704,1217
7/14/2015 21:05,203,1419,2321
7/14/2015 21:03,88,504,1101
7/14/2015 21:01,84,493,1117
7/14/2015 20:58,139,661,1770
7/14/2015 20:55,72,434,755
7/14/2015 19:22,89,360,714
7/14/2015 18:06,338,5173,8867
7/14/2015 13:07,950,2082,2456
7/13/2015 20:55,226,444,979
7/13/2015 18:56,572,3585,3811
7/13/2015 17:31,110,346,832
7/13/2015 15:21,107,355,823
7/13/2015 14:42,110,432,901
7/11/2015 22:32,746,2188,3831
7/11/2015 17:56,186,463,1172
7/10/2015 21:15,426,1509,3944
7/10/2015 17:42,324,762,1809
7/10/2015 16:23,258,1700,6165
7/10/2015 15:33,156,436,930
7/9/2015 22:02,455,1467,3515
7/9/2015 19:10,191,525,1243
7/9/2015 18:18,165,960,1807
7/9/2015 15:10,321,798,2186
7/8/2015 19:27,398,633,1586
7/8/2015 17:21,287,2866,5622
7/8/2015 15:17,239,544,1366
7/7/2015 21:49,267,1269,2012
7/7/2015 19:37,262,579,1374
7/7/2015 17:30,145,615,1283
7/7/2015 15:05,231,614,1456
7/6/2015 20:02,263,528,1254
7/6/2015 18:53,146,460,983
7/6/2015 15:02,243,1135,2538
7/5/2015 22:01,463,7933,14096
7/4/2015 16:46,835,2069,6325
7/4/2015 15:31,867,6482,16253
7/2/2015 20:33,466,756,1798
7/2/2015 19:21,883,2838,5866
7/2/2015 19:19,276,1179,2482
7/2/2015 19:17,213,1315,3277
7/2/2015 19:15,129,457,1436
7/2/2015 19:14,179,1296,2834
7/2/2015 19:13,152,1029,2362
7/2/2015 19:11,153,870,1953
7/2/2015 19:10,56,441,1342
7/2/2015 19:08,128,1135,2003
7/2/2015 19:07,132,863,1716
7/2/2015 19:06,168,888,1883
7/2/2015 19:04,110,786,1639
7/2/2015 19:02,112,660,1627
7/2/2015 19:00,85,346,1042
7/2/2015 18:59,111,384,1056
7/2/2015 18:58,76,479,1248
7/2/2015 18:57,88,323,865
7/2/2015 18:55,85,769,1950
7/2/2015 18:54,103,444,1188
7/2/2015 18:53,267,3337,4835
7/2/2015 18:51,99,577,1324
7/2/2015 18:50,92,538,1297
7/2/2015 18:48,76,570,1202
7/2/2015 18:47,89,446,1121
7/2/2015 18:46,106,429,1167
7/2/2015 18:44,314,1480,2774
7/2/2015 18:43,112,784,1972
7/2/2015 18:41,129,641,1719
7/2/2015 18:36,51,241,607
7/2/2015 18:13,78,283,664
7/2/2015 17:20,201,873,1800
7/2/2015 15:16,262,1007,2404
7/1/2015 22:13,253,693,1426
7/1/2015 18:59,372,805,1834
7/1/2015 18:56,195,520,1386
7/1/2015 18:54,121,746,1871
7/1/2015 18:53,147,594,1550
7/1/2015 18:51,159,462,1432
7/1/2015 18:50,115,383,1122
7/1/2015 18:48,135,464,1280
7/1/2015 18:46,120,493,1345
7/1/2015 18:45,196,401,1111
7/1/2015 18:37,85,281,801
7/1/2015 17:56,113,267,738
7/1/2015 16:24,188,1737,2226
6/30/2015 23:25,304,395,1108
6/30/2015 22:22,539,1825,6196
6/30/2015 20:12,299,842,1985
6/30/2015 18:46,181,933,1981
6/30/2015 17:14,136,365,1068
6/30/2015 15:40,280,1238,2470
6/30/2015 14:33,206,620,2050
6/29/2015 22:35,463,1344,2589
6/29/2015 20:54,306,575,1765
6/29/2015 20:10,119,308,726
6/29/2015 18:32,236,508,1756
6/29/2015 16:34,144,370,1113
6/29/2015 0:19,1098,2697,5557
6/29/2015 0:08,540,2341,5268
6/28/2015 22:04,143,381,1127
6/28/2015 20:23,355,1095,4534
6/27/2015 18:19,402,578,1884
6/27/2015 16:55,363,1432,3458
6/27/2015 16:50,250,1521,2960
6/27/2015 16:45,284,1285,3000
6/27/2015 16:39,122,816,2359
6/27/2015 15:04,249,867,2672
6/27/2015 14:02,174,692,2066
6/26/2015 18:49,465,1532,3731
6/26/2015 17:16,1451,42785,60406
6/26/2015 16:54,856,25031,32646
6/26/2015 15:44,2670,195188,145150
6/26/2015 15:39,507,30228,36362
6/26/2015 15:31,596,25352,33130
6/26/2015 15:29,136,8571,13830
6/26/2015 15:28,132,9390,13693
6/26/2015 15:26,302,27390,33869
6/26/2015 15:24,386,17465,21208
6/26/2015 15:22,221,14088,17347
6/26/2015 15:21,888,57262,68598
6/26/2015 15:20,184,11911,16825
6/26/2015 15:18,880,71283,70723
6/26/2015 15:17,182,14145,17390
6/26/2015 15:15,674,48182,51604
6/26/2015 15:14,158,3628,6443
6/26/2015 14:17,9662,413258,414955
6/25/2015 16:49,600,2639,5176
6/25/2015 16:00,354,1438,3460
6/25/2015 15:59,108,800,1902
6/25/2015 15:57,87,469,1289
6/25/2015 15:56,76,446,1337
6/25/2015 15:55,63,454,1234
6/25/2015 15:54,58,382,1088
6/25/2015 15:51,112,591,1437
6/25/2015 15:50,77,676,1606
6/25/2015 15:49,80,438,1206
6/25/2015 15:48,70,530,1253
6/25/2015 15:47,76,439,1107
6/25/2015 15:44,109,783,1736
6/25/2015 15:42,147,1244,2357
6/25/2015 15:40,90,607,1407
6/25/2015 15:38,226,2021,3140
6/25/2015 15:35,103,359,958
6/25/2015 15:21,79,416,898
6/24/2015 22:16,258,418,1153
6/24/2015 20:08,252,1331,2222
6/24/2015 18:27,269,574,1540
6/24/2015 16:50,128,364,1140
6/23/2015 23:11,230,485,1400
6/23/2015 20:07,241,517,1412
6/23/2015 18:00,230,886,1278
6/23/2015 16:22,94,614,874
6/23/2015 0:11,34,167,439
6/22/2015 23:00,410,6066,9369
6/22/2015 20:41,217,893,1557
6/22/2015 18:52,354,853,1549
6/22/2015 16:57,303,892,1527
6/22/2015 15:10,182,658,1601
6/20/2015 21:03,406,630,1495
6/20/2015 19:23,328,1498,2413
6/20/2015 15:06,217,479,1249
6/20/2015 1:58,1512,22809,14473
6/19/2015 20:12,338,548,1400
6/19/2015 18:30,212,1005,2012
6/19/2015 16:24,202,589,1300
6/19/2015 14:35,201,1021,1954
6/18/2015 18:08,1115,6005,5368
6/18/2015 16:21,301,981,1410
6/18/2015 2:45,1513,13034,13286
6/17/2015 22:14,132,438,997
6/17/2015 19:27,170,491,1112
6/17/2015 17:32,203,828,1791
6/17/2015 15:32,167,710,1230
6/16/2015 20:36,311,1085,1832
6/16/2015 16:57,191,472,1225
6/16/2015 15:09,192,949,1265
6/15/2015 22:48,689,4644,8019
6/15/2015 20:04,149,543,980
6/15/2015 18:39,246,727,1291
6/14/2015 21:21,582,1932,4452
6/13/2015 21:33,452,632,1549
6/13/2015 20:20,336,445,1266
6/12/2015 20:19,277,707,1812
6/12/2015 16:22,258,539,1250
6/12/2015 15:40,192,390,970
6/12/2015 13:54,190,421,1066
6/12/2015 11:49,263,409,1052
6/11/2015 21:05,387,721,1431
6/11/2015 19:08,152,586,1396
6/11/2015 15:21,385,1607,2804
6/10/2015 21:40,333,1699,3456
6/10/2015 19:50,200,547,1258
6/10/2015 15:48,218,900,1706
6/9/2015 22:20,372,807,1981
6/9/2015 19:05,207,593,1355
6/9/2015 15:59,144,360,877
6/9/2015 14:52,289,436,1114
6/8/2015 22:52,996,13573,26653
6/8/2015 19:11,166,738,1084
6/8/2015 17:40,185,340,857
6/8/2015 14:49,186,757,1667
6/6/2015 20:47,740,1262,3023
6/6/2015 19:41,170,534,1322
6/6/2015 16:38,279,1511,3913
6/6/2015 14:46,174,1067,2083
6/5/2015 19:41,390,1271,2351
6/5/2015 18:14,246,669,1726
6/5/2015 17:15,200,979,1889
6/5/2015 13:45,327,1109,2434
6/4/2015 19:08,365,1190,2814
6/4/2015 16:50,212,965,978
6/4/2015 15:17,366,1683,3236
6/3/2015 19:55,816,5908,14908
6/3/2015 17:26,252,913,2223
6/3/2015 15:20,267,726,1767
6/2/2015 21:14,322,2536,4772
6/2/2015 18:50,559,3037,4515
6/2/2015 16:35,479,2524,4654
6/2/2015 14:55,1046,1227,2206
6/1/2015 21:36,399,3019,6121
6/1/2015 21:33,1397,40146,62466
6/1/2015 18:37,307,1960,3877
6/1/2015 16:32,598,10395,13121
5/31/2015 17:01,409,2007,5195
5/30/2015 13:54,313,602,1468
5/29/2015 21:22,486,1314,2430
5/29/2015 19:46,706,3180,7145
5/29/2015 17:16,344,1057,2350
5/29/2015 14:32,233,517,1439
5/28/2015 22:14,497,1235,1428
5/28/2015 21:13,209,398,1046
5/28/2015 19:21,199,393,1076
5/28/2015 16:47,129,359,894
5/28/2015 15:16,248,981,2260
5/27/2015 22:14,291,726,1461
5/27/2015 20:47,474,3127,4179
5/27/2015 17:07,113,760,920
5/27/2015 15:09,203,945,2087
5/26/2015 22:13,431,1097,2835
5/26/2015 21:03,116,1060,2009
5/26/2015 17:21,223,534,1229
5/26/2015 15:30,305,478,1371
5/25/2015 15:14,341,995,2369
5/23/2015 18:42,694,1320,2940
5/23/2015 17:09,147,426,1245
5/23/2015 15:47,166,608,1560
5/22/2015 20:57,444,532,1527
5/22/2015 18:19,371,1123,2475
5/22/2015 16:22,103,325,919
5/22/2015 14:59,146,346,996
5/21/2015 22:36,577,2969,6424
5/21/2015 20:48,229,721,1774
5/21/2015 18:46,227,988,1254
5/21/2015 17:03,165,411,1110
5/21/2015 15:06,243,436,1291
5/20/2015 22:01,608,4733,11500
5/20/2015 19:55,218,385,1227
5/20/2015 18:44,1029,2258,3097
5/20/2015 16:18,223,615,1624
5/20/2015 16:14,169,757,1757
5/20/2015 16:12,292,998,2023
5/20/2015 16:10,209,674,1512
5/20/2015 16:08,143,683,1533
5/20/2015 16:05,85,348,989
5/20/2015 16:02,181,1244,1892
5/20/2015 15:57,255,963,1896
5/20/2015 15:43,67,330,932
5/20/2015 14:35,101,317,1012
5/19/2015 20:03,563,1465,3796
5/19/2015 17:53,112,491,1066
5/19/2015 16:21,611,1457,2620
5/19/2015 15:05,227,491,1498
5/18/2015 20:40,566,1206,2917
5/18/2015 18:48,215,533,1651
5/18/2015 17:57,1879,2781,7191
5/18/2015 14:47,578,1518,2639
5/16/2015 19:58,791,1433,2912
5/16/2015 15:08,275,558,1495
5/15/2015 22:08,261,426,1276
5/15/2015 19:38,221,556,1328
5/15/2015 17:58,191,405,1072
5/15/2015 15:33,679,7988,11401
5/14/2015 22:14,559,4463,8054
5/14/2015 20:44,149,531,1327
5/14/2015 18:42,253,482,1184
5/14/2015 17:20,210,1251,2031
5/14/2015 15:03,126,698,1144
5/13/2015 21:56,804,499,1321
5/13/2015 20:43,290,575,1225
5/13/2015 16:52,197,990,2188
5/12/2015 21:33,302,703,1600
5/12/2015 19:34,264,951,1846
5/12/2015 18:17,410,2902,2922
5/12/2015 15:20,199,720,1638
5/11/2015 23:05,414,982,1734
5/11/2015 19:29,245,710,1582
5/11/2015 17:59,200,696,1585
5/11/2015 15:18,381,1631,2378
5/9/2015 15:52,413,774,1805
5/9/2015 14:50,147,487,1181
5/8/2015 20:26,248,536,1432
5/8/2015 18:49,205,632,1406
5/8/2015 17:20,296,705,1550
5/8/2015 17:16,175,568,1331
5/8/2015 17:12,185,512,1089
5/8/2015 17:00,182,499,1121
5/8/2015 16:59,209,857,1474
5/8/2015 16:56,120,390,956
5/8/2015 16:44,75,317,767
5/8/2015 15:45,95,310,762
5/8/2015 13:06,276,1358,2515
5/7/2015 22:06,321,1048,2039
5/7/2015 19:50,283,1485,1938
5/7/2015 16:49,378,1762,2997
5/6/2015 20:11,333,1121,1833
5/6/2015 17:40,327,1670,2845
5/5/2015 20:01,425,860,1744
5/5/2015 17:48,243,712,1432
5/5/2015 16:11,127,304,861
5/4/2015 21:57,366,1443,2489
5/4/2015 18:57,183,450,1024
5/4/2015 17:08,127,393,937
5/4/2015 15:51,358,2139,2923
5/2/2015 17:40,619,1427,2670
5/2/2015 16:30,174,487,1154
5/1/2015 20:27,380,2590,3050
5/1/2015 16:34,811,6514,13259
5/1/2015 15:06,168,468,1046
4/30/2015 21:49,206,881,1744
4/30/2015 19:13,286,1112,2378
4/30/2015 16:59,117,416,884
4/30/2015 15:13,145,522,961
4/29/2015 21:58,209,663,1222
4/29/2015 20:39,252,1233,1806
4/29/2015 19:31,86,300,702
4/29/2015 17:45,109,526,921
4/29/2015 16:39,103,307,754
4/29/2015 15:33,106,504,989
4/28/2015 18:27,842,3981,4297
4/27/2015 20:12,585,729,1427
4/27/2015 18:23,268,626,1498
4/27/2015 16:30,306,5332,7671
4/27/2015 15:07,134,340,818
4/26/2015 2:20,502,775,1705
4/25/2015 22:57,179,637,1677
4/25/2015 18:15,371,1104,2079
4/25/2015 15:17,261,494,1274
4/24/2015 20:43,263,568,1123
4/24/2015 18:19,204,576,1210
4/24/2015 15:54,379,680,1348
4/23/2015 21:48,247,583,1518
4/23/2015 21:44,109,385,1103
4/23/2015 21:43,136,460,1136
4/23/2015 21:41,102,354,934
4/23/2015 21:39,170,1715,2747
4/23/2015 21:37,250,839,2087
4/23/2015 21:35,103,374,1039
4/23/2015 21:33,66,331,811
4/23/2015 21:32,113,292,758
4/23/2015 21:31,161,585,1241
4/23/2015 21:28,191,484,943
4/23/2015 21:25,94,267,692
4/23/2015 21:22,150,583,1364
4/23/2015 21:20,100,397,1082
4/23/2015 21:17,76,242,795
4/23/2015 21:13,52,280,646
4/23/2015 20:12,205,521,1240
4/23/2015 18:16,86,253,662
4/23/2015 16:49,134,288,789
4/23/2015 14:01,84,325,592
4/22/2015 22:24,2154,61045,60335
4/22/2015 20:40,180,1814,3797
4/22/2015 19:38,287,1602,2971
4/22/2015 19:35,215,1652,3187
4/22/2015 19:32,144,718,1724
4/22/2015 19:30,109,761,1580
4/22/2015 19:28,154,1726,2181
4/22/2015 19:27,75,589,1080
4/22/2015 19:25,74,587,1289
4/22/2015 19:23,123,610,1506
4/22/2015 19:19,218,460,913
4/22/2015 18:55,93,321,771
4/22/2015 17:00,199,770,1648
4/22/2015 15:17,360,1842,3675
4/21/2015 21:30,327,663,1394
4/21/2015 17:32,163,418,968
4/21/2015 14:44,164,473,1100
4/20/2015 21:31,256,413,954
4/20/2015 19:21,205,919,1801
4/20/2015 16:57,229,799,1744
4/20/2015 15:51,413,1496,3767
4/18/2015 19:14,695,1901,2880
4/18/2015 16:11,203,541,1189
4/17/2015 19:04,213,458,976
4/17/2015 17:19,181,760,1173
4/17/2015 15:55,161,644,841
4/16/2015 18:37,404,2118,3413
4/16/2015 18:32,198,1310,2522
4/16/2015 18:29,234,3303,4502
4/16/2015 18:26,132,1502,2688
4/16/2015 18:24,90,744,1594
4/16/2015 18:22,137,607,1333
4/16/2015 18:17,174,1017,1809
4/16/2015 18:14,63,288,766
4/16/2015 17:56,67,287,757
4/16/2015 16:38,409,2522,5097
4/16/2015 15:33,91,364,909
4/15/2015 21:53,242,626,1175
4/15/2015 18:52,165,454,1013
4/15/2015 17:54,248,1148,2003
4/15/2015 17:08,97,2497,1761
4/15/2015 15:53,117,416,922
4/14/2015 18:49,248,2307,2133
4/14/2015 17:38,638,5931,7822
4/14/2015 15:03,496,6187,8018
4/13/2015 22:44,411,1652,2533
4/13/2015 21:14,271,960,2213
4/13/2015 19:22,221,556,1401
4/11/2015 19:22,750,2389,4290
4/11/2015 16:58,212,838,1787
4/10/2015 21:07,325,1030,2002
4/10/2015 17:45,252,828,1647
4/10/2015 15:55,610,6068,3834
4/10/2015 14:42,119,362,677
4/9/2015 20:50,247,381,991
4/9/2015 17:11,374,1083,2222
4/9/2015 14:57,361,956,2895
4/8/2015 22:27,108,616,1027
4/8/2015 21:22,491,1448,2159
4/8/2015 17:19,199,653,1367
4/8/2015 14:59,206,671,1488
4/7/2015 21:30,332,1421,1817
4/7/2015 19:53,378,1547,2390
4/7/2015 16:55,215,605,1188
4/7/2015 15:28,224,591,1095
4/6/2015 21:43,604,3099,8116
4/6/2015 19:59,933,6538,14409
4/6/2015 18:48,168,417,1122
4/6/2015 14:55,232,488,1572
4/4/2015 15:20,569,768,1556
4/3/2015 22:21,762,2812,6100
4/3/2015 22:05,298,1107,2788
4/3/2015 18:58,310,1108,1985
4/3/2015 17:16,301,1293,2247
4/3/2015 17:11,193,635,1490
4/3/2015 17:10,206,818,1853
4/3/2015 17:02,97,416,1021
4/3/2015 16:37,85,371,943
4/3/2015 13:46,428,1283,2662
4/2/2015 22:43,135,611,1201
4/2/2015 22:15,240,430,1091
4/2/2015 21:18,99,383,905
4/2/2015 20:14,504,1720,3128
4/2/2015 18:30,343,749,1520
4/2/2015 15:14,180,1206,2220
4/1/2015 21:57,255,747,1501
4/1/2015 19:22,193,732,1270
4/1/2015 17:38,261,794,1408
4/1/2015 15:43,258,794,1457
3/31/2015 22:56,421,810,2025
3/31/2015 20:06,483,2581,3264
3/31/2015 18:47,192,705,1001
3/31/2015 17:55,359,622,1594
3/31/2015 15:51,173,458,1113
3/30/2015 21:53,356,663,1518
3/30/2015 20:37,159,744,1286
3/30/2015 19:09,445,721,1761
3/30/2015 16:16,176,456,1099
3/28/2015 19:36,479,833,1728
3/28/2015 18:13,199,447,1130
3/28/2015 16:44,332,711,2155
3/27/2015 19:15,696,1150,3533
3/27/2015 17:46,224,555,1405
3/27/2015 15:07,522,541,1537
3/26/2015 23:26,208,371,857
3/26/2015 21:00,365,845,1874
3/26/2015 20:57,305,927,1961
3/26/2015 20:55,113,378,1095
3/26/2015 20:53,144,620,1430
3/26/2015 20:51,295,915,1895
3/26/2015 20:50,253,887,1931
3/26/2015 20:42,120,458,1188
3/26/2015 20:41,264,2083,3562
3/26/2015 20:38,161,646,1713
3/26/2015 20:36,116,519,1363
3/26/2015 20:32,513,1473,2368
3/26/2015 20:27,71,316,733
3/26/2015 19:39,106,316,712
3/26/2015 18:47,670,614,1585
3/26/2015 15:12,453,980,2489
3/25/2015 23:09,212,499,1016
3/25/2015 21:10,337,440,1213
3/25/2015 18:02,316,948,1779
3/25/2015 16:27,411,772,1825
3/25/2015 14:42,215,386,1012
3/24/2015 22:39,288,704,1665
3/24/2015 18:18,154,461,1130
3/24/2015 16:40,551,943,2261
3/23/2015 20:32,353,825,1512
3/23/2015 18:00,287,813,1613
3/23/2015 17:07,417,1096,2101
3/23/2015 15:43,258,902,1645
3/21/2015 15:53,663,975,1807
3/20/2015 18:39,464,707,1550
3/20/2015 16:48,109,388,720
3/19/2015 20:11,375,609,1148
3/19/2015 19:00,320,1069,1890
3/19/2015 14:42,694,2001,3220
3/18/2015 21:35,439,1015,1784
3/18/2015 19:27,357,835,1667
3/18/2015 19:25,194,684,1548
3/18/2015 19:24,342,1965,3768
3/18/2015 19:23,243,2138,2684
3/18/2015 19:18,142,587,1342
3/18/2015 19:17,156,542,1186
3/18/2015 19:13,162,749,1574
3/18/2015 19:08,366,1150,1822
3/18/2015 19:07,117,402,988
3/18/2015 19:02,149,561,1297
3/18/2015 19:00,149,517,1224
3/18/2015 18:59,125,478,1170
3/18/2015 18:57,119,1236,2010
3/18/2015 18:57,144,773,1491
3/18/2015 18:56,77,483,1049
3/18/2015 18:55,103,606,1165
3/18/2015 18:54,101,401,921
3/18/2015 18:47,70,329,709
3/18/2015 17:51,131,368,802
3/18/2015 16:23,178,573,1112
3/17/2015 18:27,785,3425,7706
3/17/2015 16:37,241,593,1161
3/16/2015 21:00,501,612,1161
3/16/2015 17:10,459,1206,2481
3/14/2015 13:47,861,1084,2243
3/13/2015 21:51,427,1143,2383
3/13/2015 17:09,308,444,1063
3/13/2015 15:31,380,1605,2237
3/12/2015 22:42,273,903,2294
3/12/2015 21:33,389,921,1803
3/12/2015 19:37,422,732,1253
3/11/2015 21:03,285,924,1526
3/11/2015 0:46,497,775,1627
3/10/2015 22:32,391,1705,2390
3/10/2015 20:54,307,1141,1820
3/10/2015 18:21,495,3738,4175
3/10/2015 18:21,156,750,1684
3/10/2015 18:18,294,2447,2909
3/10/2015 18:14,117,899,1683
3/10/2015 18:13,142,914,1918
3/10/2015 18:10,197,1037,2142
3/10/2015 18:08,144,1131,2247
3/10/2015 18:07,157,1464,2339
3/10/2015 18:05,92,792,1410
3/10/2015 18:04,157,1460,2017
3/10/2015 18:02,184,787,1516
3/10/2015 18:01,102,716,1376
3/10/2015 18:00,172,1485,2019
3/10/2015 17:53,91,401,847
3/10/2015 16:36,127,3514,984
3/9/2015 22:24,359,1755,3209
3/9/2015 15:43,258,587,1174
3/8/2015 23:07,847,8094,11701
3/8/2015 19:35,102,528,1284
3/7/2015 20:58,690,6100,6528
3/7/2015 20:56,223,1776,2797
3/7/2015 20:54,218,2234,3014
3/7/2015 20:52,159,1240,2191
3/7/2015 20:50,169,1531,2393
3/7/2015 20:49,123,927,1649
3/7/2015 20:47,127,1416,2103
3/7/2015 20:45,66,1266,1850
3/7/2015 20:43,140,2536,2904
3/7/2015 20:41,136,1929,2178
3/7/2015 20:39,71,803,1342
3/7/2015 20:37,128,1864,2539
3/7/2015 20:35,65,792,1397
3/7/2015 20:33,141,2019,2311
3/7/2015 20:31,110,981,1653
3/7/2015 20:30,91,824,1256
3/7/2015 20:27,82,1194,1616
3/7/2015 20:18,109,925,1212
3/7/2015 18:56,192,1827,2409
3/7/2015 15:23,218,1147,1883
3/6/2015 22:57,310,1248,1917
3/6/2015 21:36,124,608,1013
3/6/2015 19:11,180,402,815
3/6/2015 17:07,313,1160,1716
3/5/2015 22:56,142,483,674
3/5/2015 18:53,372,751,1546
3/5/2015 16:19,504,2343,3149
3/4/2015 21:14,396,599,1260
3/4/2015 16:28,285,1201,2132
3/3/2015 23:24,149,587,1058
3/3/2015 22:27,1024,5207,9479
3/3/2015 20:02,220,604,1246
3/2/2015 23:12,534,2107,3144
3/2/2015 16:36,503,1923,2700
2/28/2015 21:33,586,936,1874
2/27/2015 22:41,687,1783,3049
2/27/2015 21:39,503,16212,20430
2/27/2015 20:54,319,717,1368
2/27/2015 18:56,216,463,1233
2/27/2015 17:41,445,1951,1367
2/26/2015 22:17,566,3072,3662
2/26/2015 19:31,229,881,1080
2/26/2015 16:24,566,2871,2950
2/26/2015 0:45,137,886,782
2/26/2015 0:27,103,718,591
2/25/2015 22:31,401,1397,1366
2/25/2015 18:37,181,915,1098
2/25/2015 16:06,280,1142,1222
2/24/2015 21:05,454,2082,2070
2/24/2015 19:03,367,1356,1505
2/24/2015 17:17,429,1508,1809
2/23/2015 23:25,393,1326,1495
2/23/2015 21:29,367,1301,1662
2/23/2015 19:36,255,1284,1609
2/23/2015 19:06,155,903,1113
2/23/2015 18:07,505,3189,3346
2/22/2015 1:18,530,1163,1595
2/20/2015 20:55,1985,11496,21665
2/20/2015 18:29,282,1094,1276
2/19/2015 23:05,451,1099,1886
2/19/2015 20:00,201,554,1114
2/19/2015 16:42,264,728,1300
2/18/2015 23:39,772,2988,3378
2/18/2015 15:43,569,1184,2123
2/18/2015 0:27,580,1738,1977
2/17/2015 19:30,178,522,1304
2/16/2015 1:07,626,827,1547
2/15/2015 17:52,402,678,1306
2/14/2015 23:32,684,2803,3724
2/14/2015 19:07,252,830,1526
2/14/2015 16:49,271,683,1438
2/14/2015 0:19,346,550,1330
2/13/2015 21:53,261,564,1206
2/13/2015 19:34,165,464,997
2/13/2015 17:01,268,672,1248
2/12/2015 23:27,592,1656,2517
2/12/2015 23:08,628,3032,3827
2/12/2015 18:33,519,1588,2308
2/12/2015 17:18,200,582,1086
2/11/2015 20:38,518,717,1245
2/11/2015 18:33,182,573,1221
2/11/2015 17:14,229,490,1010
2/10/2015 21:13,360,590,1227
2/10/2015 19:39,183,343,883
2/9/2015 23:01,468,650,1542
2/9/2015 20:46,416,772,1355
2/9/2015 19:06,250,449,1123
2/9/2015 2:54,611,6757,7397
2/7/2015 19:00,438,568,1274
2/6/2015 22:25,330,531,1267
2/6/2015 20:01,654,1699,3032
2/6/2015 19:56,372,906,2110
2/6/2015 19:53,166,676,1463
2/6/2015 19:52,326,1119,2186
2/6/2015 19:52,151,594,1354
2/6/2015 19:47,164,474,1248
2/6/2015 19:46,116,475,1212
2/6/2015 19:44,180,603,1255
2/6/2015 19:43,180,935,1593
2/6/2015 19:31,84,402,757
2/6/2015 18:36,124,398,860
2/6/2015 15:56,349,1309,2084
2/5/2015 22:24,473,1521,2707
2/5/2015 20:31,207,380,879
2/5/2015 17:06,347,568,1399
2/4/2015 23:01,277,828,1196
2/4/2015 19:54,307,741,1495
2/4/2015 18:38,205,405,969
2/3/2015 22:26,89,361,572
2/2/2015 20:05,466,634,1346
2/2/2015 16:48,475,1387,2831
2/2/2015 16:40,194,495,1171
2/2/2015 14:25,102,339,795
1/31/2015 21:16,862,1457,3269
1/31/2015 15:54,300,662,1594
1/30/2015 22:58,267,481,1208
1/30/2015 19:53,428,1647,2330
1/30/2015 16:19,244,722,1522
1/30/2015 0:12,434,1740,3669
1/29/2015 22:58,258,691,1589
1/29/2015 17:11,241,993,1937
1/28/2015 20:49,396,762,1490
1/27/2015 22:48,460,919,2063
1/26/2015 22:30,427,659,1764
1/26/2015 18:03,271,637,1490
1/26/2015 16:44,327,722,1632
1/25/2015 21:05,310,1550,2350
1/24/2015 18:52,704,873,1845
1/24/2015 16:52,537,3031,4849
1/23/2015 21:54,291,529,1265
1/23/2015 20:41,539,6026,6143
1/23/2015 15:57,238,411,1061
1/22/2015 23:28,554,1534,3086
1/22/2015 22:09,233,922,2134
1/22/2015 21:00,127,345,789
1/22/2015 19:41,324,1613,1689
1/22/2015 17:34,171,489,1043
1/22/2015 17:06,133,481,1134
1/21/2015 23:26,83,274,499
1/21/2015 22:04,220,426,1113
1/21/2015 19:39,280,687,1515
1/21/2015 17:41,263,559,1164
1/21/2015 3:43,1297,7543,12121
1/21/2015 3:20,65,402,787
1/21/2015 3:16,366,2677,4131
1/21/2015 3:15,230,2198,3789
1/21/2015 3:12,298,5930,6524
1/21/2015 3:10,165,1783,2887
1/21/2015 3:10,203,2454,4163
1/21/2015 3:08,120,1575,2345
1/21/2015 3:08,627,23831,17157
1/21/2015 3:07,146,4140,6249
1/21/2015 3:04,119,1047,2087
1/21/2015 3:04,192,3543,4026
1/21/2015 3:02,115,1229,2033
1/21/2015 3:01,96,1475,1973
1/21/2015 2:57,113,1880,2882
1/21/2015 2:56,94,2249,2603
1/21/2015 2:55,181,3039,3226
1/21/2015 2:53,257,4825,4667
1/21/2015 2:50,339,5015,5186
1/21/2015 2:47,25,416,670
1/21/2015 2:46,109,1322,1649
1/21/2015 2:45,109,1272,1882
1/21/2015 2:45,59,637,1094
1/21/2015 2:43,90,1030,1384
1/21/2015 2:43,81,1154,1591
1/21/2015 2:40,135,2413,3222
1/21/2015 2:39,94,2169,2801
1/21/2015 2:38,364,4622,4959
1/21/2015 2:36,14,260,521
1/21/2015 2:36,205,3378,4059
1/21/2015 2:35,75,1530,1921
1/21/2015 2:34,362,10149,8887
1/21/2015 2:33,199,4338,5250
1/21/2015 2:32,78,1709,2399
1/21/2015 2:31,136,4416,4413
1/21/2015 2:30,130,2140,2541
1/21/2015 2:29,117,2178,1831
1/21/2015 2:29,56,1216,1655
1/21/2015 2:28,147,1982,2371
1/21/2015 2:27,104,1141,1214
1/21/2015 2:27,26,460,612
1/21/2015 2:27,68,1085,1481
1/21/2015 2:25,372,7495,4265
1/21/2015 2:24,98,1103,1555
1/21/2015 2:24,101,1267,1712
1/21/2015 2:22,97,1195,1536
1/21/2015 2:21,71,898,1497
1/21/2015 2:20,25,313,478
1/21/2015 2:20,98,1173,1436
1/21/2015 2:18,75,1409,1889
1/21/2015 2:16,130,1757,2267
1/21/2015 2:14,138,1704,2131
1/21/2015 2:13,94,2015,2257
1/21/2015 2:06,117,1153,1151
1/21/2015 1:13,943,2482,2832
1/21/2015 0:02,142,594,869
1/20/2015 22:08,232,581,1063
1/20/2015 21:11,52,229,350
1/20/2015 20:17,223,522,1064
1/20/2015 19:01,125,445,763
1/20/2015 17:24,243,761,1381
1/20/2015 15:53,252,1182,1435
1/20/2015 14:13,356,2015,1868
1/19/2015 20:12,149,637,830
1/19/2015 16:26,419,3303,4066
1/18/2015 18:57,525,998,1569
1/18/2015 0:00,592,1199,2250
1/17/2015 17:46,198,681,1021
1/17/2015 15:44,1027,7523,14221
1/16/2015 23:19,202,1766,1639
1/16/2015 19:52,409,1737,1872
1/16/2015 16:57,274,806,1423
1/16/2015 15:01,691,7324,4307
1/15/2015 23:01,187,570,777
1/15/2015 21:55,136,419,696
1/15/2015 20:31,145,702,956
1/15/2015 18:28,203,492,977
1/15/2015 17:26,152,688,1164
1/15/2015 15:52,146,541,897
1/14/2015 22:20,300,611,1194
1/14/2015 20:38,178,433,886
1/14/2015 18:52,138,330,785
1/14/2015 17:13,555,1731,2378
1/14/2015 16:47,164,629,841
1/14/2015 0:19,226,888,964
1/13/2015 20:59,221,418,805
1/13/2015 17:53,188,550,963
1/12/2015 22:23,516,1269,2201
1/12/2015 20:17,272,785,1467
1/12/2015 17:46,386,908,1615
1/12/2015 17:43,158,593,1279
1/12/2015 17:40,192,802,1910
1/12/2015 17:37,130,650,1330
1/12/2015 17:31,211,750,1330
1/12/2015 17:27,226,926,1394
1/12/2015 17:24,126,560,1069
1/12/2015 17:14,66,342,630
1/12/2015 16:29,125,538,761
1/10/2015 23:18,728,1522,2775
1/10/2015 15:33,260,685,1338
1/9/2015 19:05,360,1083,1740
1/9/2015 16:52,333,1730,2405
1/9/2015 15:50,448,3412,4052
1/9/2015 1:18,898,5974,4950
1/8/2015 18:07,232,620,1156
1/8/2015 16:36,164,601,949
1/8/2015 15:20,194,669,1034
1/7/2015 23:15,350,1164,1877
1/7/2015 21:53,337,1076,2281
1/7/2015 21:50,323,3462,4621
1/7/2015 21:47,163,623,1345
1/7/2015 21:44,168,938,1709
1/7/2015 21:40,201,783,1530
1/7/2015 21:38,121,652,1115
1/7/2015 21:35,89,655,1146
1/7/2015 21:32,108,879,1541
1/7/2015 21:31,553,7823,8115
1/7/2015 21:21,108,410,856
1/7/2015 20:25,107,368,527
1/7/2015 20:00,94,330,706
1/7/2015 18:57,191,383,861
1/6/2015 21:23,351,607,1361
1/6/2015 19:52,403,3492,6088
1/6/2015 17:12,237,556,1196
1/5/2015 22:41,208,3500,2856
1/5/2015 20:01,274,583,1216
1/5/2015 15:35,298,589,1341
1/4/2015 19:55,432,6444,9036
1/3/2015 22:58,240,611,1176
1/2/2015 20:41,412,575,1520
1/2/2015 17:10,308,580,1453
1/1/2015 16:21,1432,6877,11110
1/1/2015 2:05,290,567,1231
1/1/2015 1:19,198,459,1064
1/1/2015 0:01,147,394,917
12/31/2014 23:13,253,590,1034
12/31/2014 22:10,230,634,1240
12/31/2014 21:06,410,1146,2070
12/31/2014 19:51,587,582,1098
12/31/2014 18:44,201,465,1149
12/31/2014 17:17,274,537,1016
12/31/2014 16:05,179,388,1098
12/31/2014 14:25,194,399,1011
12/31/2014 1:22,370,1198,1711
12/30/2014 23:47,406,1157,2313
12/30/2014 21:48,202,608,1004
12/30/2014 20:25,395,618,1314
12/30/2014 19:17,196,449,1068
12/30/2014 17:45,530,813,1277
12/30/2014 16:00,217,469,962
12/30/2014 14:28,164,349,838
12/30/2014 0:23,323,618,1136
12/29/2014 21:47,309,924,2184
12/29/2014 20:43,285,406,920
12/29/2014 19:37,356,467,1029
12/29/2014 18:28,201,349,843
12/29/2014 17:17,566,1372,2850
12/29/2014 15:56,150,328,855
12/29/2014 14:27,633,654,1028
12/28/2014 15:54,324,632,1185
12/27/2014 16:38,286,588,1279
12/26/2014 19:55,501,1378,3506
12/26/2014 18:31,406,1059,2017
12/25/2014 18:07,492,1163,2474
12/25/2014 16:33,1279,4037,9858
12/24/2014 15:57,1128,3854,9765
12/23/2014 20:57,442,482,1032
12/23/2014 19:58,160,340,832
12/23/2014 18:52,264,623,1191
12/23/2014 17:38,226,1321,1381
12/23/2014 17:24,209,1048,1524
12/23/2014 16:05,201,317,877
12/22/2014 20:49,533,475,1109
12/22/2014 18:35,247,548,1080
12/22/2014 16:12,278,421,1073
12/20/2014 19:05,430,688,1317
12/20/2014 17:02,328,608,1331
12/20/2014 15:57,191,477,1060
12/19/2014 21:49,305,604,1054
12/19/2014 18:54,289,431,870
12/19/2014 17:45,146,316,764
12/19/2014 15:50,351,389,936
12/18/2014 23:14,362,3911,5927
12/18/2014 21:49,352,844,1627
12/18/2014 19:53,170,448,911
12/18/2014 18:32,238,384,973
12/18/2014 16:57,181,608,1024
12/17/2014 23:38,334,495,1025
12/17/2014 21:09,196,580,1010
12/17/2014 19:14,145,243,535
12/17/2014 17:02,567,2122,1847
12/17/2014 16:24,116,540,1004
12/17/2014 0:09,436,2311,3009
12/16/2014 22:58,76,573,708
12/16/2014 19:06,223,555,1116
12/16/2014 1:00,279,503,778
12/15/2014 22:59,139,417,797
12/15/2014 21:35,98,325,694
12/15/2014 20:19,223,612,1197
12/15/2014 20:08,157,532,1085
12/15/2014 20:02,91,455,1007
12/15/2014 20:00,91,413,906
12/15/2014 19:49,67,298,686
12/15/2014 18:48,105,342,736
12/15/2014 17:09,134,583,851
12/15/2014 15:52,146,343,734
12/14/2014 22:35,228,813,1075
12/14/2014 18:36,197,430,910
12/14/2014 16:20,163,663,920
12/14/2014 15:11,350,972,2303
12/13/2014 20:20,222,567,1104
12/13/2014 19:12,239,856,1558
12/13/2014 17:16,148,491,857
12/13/2014 15:16,187,412,905
12/12/2014 22:46,288,527,1038
12/12/2014 18:43,52,228,386
12/12/2014 18:23,196,416,938
12/12/2014 16:57,122,519,944
12/12/2014 15:56,176,362,794
12/11/2014 21:04,77,311,527
12/11/2014 20:28,91,298,613
12/11/2014 19:46,274,732,1164
12/11/2014 17:33,186,328,752
12/11/2014 16:00,113,316,661
12/10/2014 18:59,305,406,937
12/10/2014 17:12,199,819,1384
12/10/2014 17:07,261,1924,2549
12/10/2014 16:59,87,336,672
12/10/2014 15:59,118,322,698
12/9/2014 23:49,137,528,478
12/9/2014 21:56,240,912,1617
12/9/2014 20:49,390,1368,2081
12/9/2014 20:45,193,1103,1671
12/9/2014 20:42,156,711,1164
12/9/2014 20:40,137,586,1189
12/9/2014 20:37,135,664,1183
12/9/2014 20:35,77,486,895
12/9/2014 20:26,60,285,616
12/9/2014 20:09,105,349,644
12/9/2014 15:25,157,694,1124
12/8/2014 22:40,250,564,925
12/8/2014 20:41,103,245,597
12/8/2014 19:19,147,445,918
12/8/2014 17:22,134,392,767
12/8/2014 16:02,164,286,727
12/7/2014 0:59,440,795,1485
12/6/2014 22:46,365,1098,1769
12/6/2014 21:19,291,750,1382
12/6/2014 17:00,229,404,905
12/5/2014 23:46,337,772,1493
12/5/2014 22:17,184,467,932
12/5/2014 20:48,114,421,850
12/5/2014 19:14,349,1963,2367
12/5/2014 17:49,182,654,1126
12/5/2014 16:08,260,895,1454
12/5/2014 0:53,495,3035,1977
12/4/2014 23:34,277,812,1270
12/4/2014 22:35,121,399,896
12/4/2014 21:57,342,1243,1801
12/4/2014 17:36,142,370,869
12/4/2014 16:00,122,261,628
12/3/2014 22:57,239,3621,841
12/3/2014 21:39,177,334,635
12/3/2014 20:26,155,376,645
12/3/2014 19:20,194,958,1296
12/3/2014 18:13,118,272,575
12/3/2014 16:34,138,336,648
12/2/2014 21:56,185,373,864
12/2/2014 21:21,101,299,682
12/2/2014 19:57,98,493,650
12/2/2014 18:25,200,5521,1242
12/2/2014 16:34,186,315,763
12/2/2014 0:45,249,1164,1665
12/1/2014 21:53,136,674,1210
12/1/2014 20:58,248,738,1294
12/1/2014 19:28,132,391,474
12/1/2014 18:08,157,397,815
12/1/2014 16:30,124,377,781
11/29/2014 18:06,369,567,1086
11/29/2014 16:51,223,691,1208
11/29/2014 15:36,186,638,1309
11/28/2014 18:48,183,428,899
11/28/2014 17:22,147,366,798
11/28/2014 15:47,202,762,1416
11/27/2014 21:22,487,2016,4853
11/27/2014 17:01,1482,5291,16401
11/27/2014 15:17,625,1959,4446
11/26/2014 20:15,76,225,416
11/26/2014 19:32,309,456,943
11/26/2014 18:16,250,452,913
11/26/2014 17:45,115,286,441
11/26/2014 17:12,84,333,686
11/26/2014 15:57,160,292,722
11/25/2014 23:47,428,769,1635
11/25/2014 23:42,299,834,1771
11/25/2014 23:39,238,1345,2273
11/25/2014 23:36,135,486,1036
11/25/2014 23:31,200,745,1320
11/25/2014 23:27,142,788,1267
11/25/2014 23:23,98,540,954
11/25/2014 23:11,157,566,1424
11/25/2014 23:05,103,381,669
11/25/2014 21:36,114,350,703
11/25/2014 3:09,632,1791,1835
11/24/2014 20:36,427,707,1338
11/24/2014 18:54,341,1057,1689
11/24/2014 17:30,225,618,1210
11/22/2014 22:30,766,2335,3098
11/22/2014 20:35,183,453,987
11/22/2014 19:00,853,1238,1990
11/22/2014 15:18,234,602,1156
11/21/2014 21:35,511,2876,3924
11/21/2014 21:32,356,2631,3354
11/21/2014 21:29,235,1427,2227
11/21/2014 21:26,183,955,1707
11/21/2014 21:24,135,783,1418
11/21/2014 21:22,244,1966,2571
11/21/2014 21:19,123,766,1268
11/21/2014 21:16,150,1417,2126
11/21/2014 21:14,87,626,1146
11/21/2014 21:11,84,749,1299
11/21/2014 21:09,143,807,1532
11/21/2014 21:06,119,742,1232
11/21/2014 20:58,151,893,1398
11/21/2014 20:51,67,2230,735
11/21/2014 20:13,103,486,824
11/21/2014 19:09,285,1096,1641
11/21/2014 18:10,221,863,1065
11/21/2014 17:50,794,11425,4702
11/21/2014 16:26,290,937,1556
11/21/2014 3:00,823,1945,3065
11/21/2014 2:08,583,3382,4508
11/21/2014 1:28,934,8902,9111
11/21/2014 1:24,936,12400,11719
11/21/2014 1:19,341,3949,4130
11/21/2014 1:17,246,4307,3989
11/21/2014 1:15,218,2557,2946
11/21/2014 1:13,159,3524,2137
11/21/2014 1:10,362,6916,6033
11/21/2014 1:04,203,2320,2575
11/21/2014 1:02,117,916,1162
11/21/2014 0:16,198,3868,3533
11/20/2014 22:57,385,1774,2429
11/20/2014 21:57,389,1824,2334
11/20/2014 21:06,263,991,1174
11/20/2014 19:34,304,1297,1694
11/20/2014 18:10,398,1943,4128
11/20/2014 17:08,357,1395,1773
11/20/2014 16:00,135,394,754
11/20/2014 0:35,614,1339,1739
11/19/2014 21:43,428,1199,1106
11/19/2014 20:26,148,438,798
11/19/2014 19:08,392,1185,1595
11/19/2014 16:43,367,1793,2450
11/19/2014 16:35,218,4740,4819
11/19/2014 16:32,228,955,1629
11/19/2014 16:24,92,362,741
11/18/2014 22:00,249,479,880
11/18/2014 20:35,130,319,607
11/18/2014 19:11,191,702,810
11/18/2014 17:39,113,359,674
11/18/2014 15:59,167,428,786
11/17/2014 23:02,292,556,926
11/17/2014 22:22,106,376,671
11/17/2014 21:23,220,548,958
11/17/2014 19:48,225,979,1886
11/17/2014 18:07,244,455,955
11/17/2014 16:52,135,486,751
11/17/2014 15:54,167,495,810
11/15/2014 22:51,566,3889,1446
11/15/2014 21:14,75,583,475
11/15/2014 19:29,280,621,1236
11/15/2014 17:56,171,391,692
11/15/2014 16:40,169,500,788
11/15/2014 14:09,230,895,1177
11/15/2014 3:40,215,296,782
11/15/2014 2:04,123,275,655
11/15/2014 0:45,141,222,598
11/14/2014 23:10,142,242,600
11/14/2014 21:04,661,1606,2567
11/14/2014 19:55,195,385,702
11/14/2014 19:30,170,427,508
11/14/2014 18:56,124,255,547
11/14/2014 18:03,106,260,548
11/14/2014 17:47,70,545,397
11/14/2014 17:15,90,176,464
11/14/2014 16:20,109,290,598
11/14/2014 15:29,128,332,730
11/14/2014 13:38,157,515,901
11/14/2014 0:51,163,306,657
11/13/2014 23:40,300,546,1154
11/13/2014 22:48,95,223,655
11/13/2014 21:40,118,558,894
11/13/2014 20:49,116,263,611
11/13/2014 19:43,99,222,548
11/13/2014 18:44,137,454,786
11/13/2014 17:41,114,257,616
11/13/2014 16:45,154,503,991
11/13/2014 15:48,105,465,863
11/13/2014 14:53,132,333,742
11/13/2014 14:02,212,629,1195
11/13/2014 0:59,319,1341,1616
11/12/2014 23:26,387,2240,2994
11/12/2014 22:22,171,439,765
11/12/2014 21:31,143,567,725
11/12/2014 20:29,135,471,841
11/12/2014 19:37,200,326,697
11/12/2014 18:07,270,592,1082
11/12/2014 14:02,407,1970,2764
11/11/2014 23:11,186,322,599
11/11/2014 22:07,110,207,469
11/11/2014 21:06,204,1053,1228
11/11/2014 20:06,211,416,880
11/11/2014 19:10,113,2827,1048
11/11/2014 18:10,168,450,853
11/11/2014 16:59,277,1191,1358
11/11/2014 15:48,556,2275,4013
11/11/2014 14:04,127,459,889
11/10/2014 23:20,308,1476,1848
11/10/2014 22:14,167,368,757
11/10/2014 21:11,284,1489,1449
11/10/2014 19:42,328,658,1080
11/10/2014 18:37,143,605,969
11/10/2014 17:22,283,1846,1864
11/10/2014 15:33,174,366,804
11/10/2014 14:02,155,263,631
11/8/2014 19:46,141,929,616
11/8/2014 17:51,437,2420,1561
11/8/2014 16:12,189,432,1005
11/7/2014 20:58,295,604,1095
11/7/2014 19:28,319,1201,1787
11/7/2014 17:17,408,1975,2480
11/6/2014 23:19,396,1962,3927
11/6/2014 18:14,260,954,1626
11/5/2014 21:33,1540,4835,6978
11/5/2014 19:58,343,469,896
11/1/2014 15:07,779,989,1645
10/31/2014 21:37,295,720,1529
10/31/2014 20:16,550,2296,4878
10/31/2014 19:02,355,662,1259
10/31/2014 16:02,272,704,1273
10/31/2014 15:58,181,1139,1808
10/31/2014 15:56,244,1976,2577
10/31/2014 15:53,110,745,1335
10/31/2014 15:51,227,1363,2074
10/31/2014 15:47,249,985,1547
10/31/2014 15:44,277,2790,3056
10/31/2014 15:41,139,1069,1668
10/31/2014 15:38,92,323,705
10/31/2014 15:35,191,631,1216
10/31/2014 15:34,208,1061,1783
10/31/2014 15:31,235,1798,3116
10/31/2014 15:24,80,332,652
10/30/2014 21:03,509,1464,1944
10/30/2014 18:52,155,308,674
10/30/2014 17:46,108,1005,1280
10/30/2014 16:07,186,490,842
10/30/2014 14:09,221,470,1123
10/29/2014 23:40,340,1210,2051
10/29/2014 19:42,215,467,897
10/29/2014 17:50,268,997,1233
10/29/2014 16:20,135,288,578
10/29/2014 15:03,394,2899,1685
10/28/2014 19:03,259,339,724
10/28/2014 17:53,138,313,683
10/28/2014 15:21,141,309,650
10/27/2014 22:00,261,495,931
10/27/2014 19:05,169,548,653
10/27/2014 17:25,228,437,884
10/27/2014 16:21,188,369,840
10/27/2014 14:46,111,296,699
10/25/2014 21:28,582,754,1438
10/25/2014 19:37,230,599,1179
10/25/2014 15:27,234,549,932
10/23/2014 21:18,554,422,924
10/23/2014 19:57,209,461,920
10/23/2014 18:32,205,520,873
10/23/2014 16:49,201,384,802
10/23/2014 14:55,166,305,638
10/22/2014 15:14,356,472,981
10/21/2014 22:56,263,3866,967
10/21/2014 20:45,282,755,1166
10/21/2014 17:29,206,352,734
10/21/2014 15:26,219,331,813
10/20/2014 21:08,262,379,715
10/20/2014 19:12,178,450,731
10/20/2014 18:09,176,517,812
10/20/2014 16:27,200,2857,910
10/20/2014 14:57,160,361,730
10/18/2014 18:41,441,505,946
10/18/2014 17:01,332,610,1021
10/18/2014 15:36,381,787,1466
10/17/2014 20:51,367,707,838
10/17/2014 19:42,389,857,1262
10/17/2014 17:22,502,800,1404
10/17/2014 16:01,114,271,624
10/16/2014 20:00,306,380,862
10/16/2014 18:14,218,341,722
10/16/2014 17:03,215,3687,792
10/16/2014 15:27,167,374,811
10/15/2014 22:41,373,550,895
10/15/2014 21:40,266,538,982
10/15/2014 20:27,151,351,625
10/15/2014 17:53,226,310,672
10/15/2014 16:06,340,536,889
10/15/2014 14:47,662,3083,3219
10/15/2014 0:08,305,521,895
10/14/2014 21:04,250,396,714
10/14/2014 19:19,477,623,848
10/14/2014 17:53,192,411,646
10/14/2014 16:25,161,361,614
10/14/2014 15:18,235,415,749
10/13/2014 18:44,409,478,863
10/13/2014 17:29,202,467,804
10/13/2014 15:59,232,402,923
10/11/2014 17:50,750,1380,2034
10/11/2014 16:14,441,726,1304
10/11/2014 14:47,256,464,955
10/10/2014 22:11,451,1828,2841
10/10/2014 21:02,213,352,687
10/10/2014 19:33,212,413,886
10/10/2014 19:05,115,811,1203
10/10/2014 18:36,142,315,678
10/10/2014 16:28,255,643,1029
10/10/2014 15:53,25,143,254
10/10/2014 14:42,248,644,1179
10/10/2014 13:18,259,706,1362
10/10/2014 12:00,115,338,731
10/9/2014 22:02,193,300,662
10/9/2014 21:38,249,614,994
10/9/2014 19:13,210,407,818
10/9/2014 17:39,133,589,645
10/9/2014 16:18,178,266,592
10/9/2014 15:14,235,584,856
10/8/2014 22:57,346,630,1052
10/8/2014 21:12,243,492,805
10/8/2014 19:44,190,408,860
10/8/2014 18:30,170,709,1411
10/8/2014 16:58,152,335,709
10/8/2014 15:28,224,434,732
10/7/2014 21:14,293,456,879
10/7/2014 20:00,198,433,683
10/7/2014 18:39,246,688,1153
10/7/2014 16:04,287,438,801
10/7/2014 14:47,330,4112,1745
10/6/2014 22:19,894,14983,8192
10/6/2014 21:41,136,826,456
10/6/2014 21:14,242,1268,1761
10/6/2014 19:47,228,494,840
10/6/2014 18:21,514,6353,8057
10/5/2014 16:19,342,466,1099
10/4/2014 21:29,445,701,1323
10/4/2014 20:08,344,1169,2041
10/4/2014 15:06,267,424,990
10/3/2014 21:14,367,517,883
10/3/2014 19:59,260,554,949
10/3/2014 18:50,267,1301,1564
10/3/2014 16:44,387,1545,2094
10/3/2014 15:23,339,765,1335
10/2/2014 21:45,751,3246,2614
10/2/2014 19:15,355,705,1211
10/2/2014 19:12,194,444,869
10/2/2014 19:10,161,698,1036
10/2/2014 19:07,972,3031,3112
10/2/2014 19:04,106,821,1367
10/2/2014 19:02,199,1101,1600
10/2/2014 18:59,227,817,1186
10/2/2014 18:56,133,757,1018
10/2/2014 18:54,149,653,1122
10/2/2014 18:51,175,379,691
10/2/2014 18:48,140,964,1344
10/2/2014 18:45,96,333,701
10/2/2014 18:43,84,248,490
10/2/2014 18:40,74,296,601
10/2/2014 18:38,63,251,478
10/2/2014 18:36,93,454,836
10/2/2014 18:33,95,308,598
10/2/2014 18:30,112,360,666
10/2/2014 18:28,144,637,926
10/2/2014 18:25,87,552,861
10/2/2014 18:23,114,361,671
10/2/2014 18:20,136,423,747
10/2/2014 18:17,133,401,647
10/2/2014 18:11,76,281,445
10/2/2014 17:33,112,381,603
10/2/2014 14:43,155,245,523
10/1/2014 20:50,375,543,1089
10/1/2014 19:34,139,363,720
10/1/2014 18:18,194,973,1432
10/1/2014 15:57,226,568,877
9/30/2014 20:10,327,601,961
9/30/2014 18:28,295,474,900
9/30/2014 16:21,423,798,1261
9/29/2014 19:28,164,373,576
9/29/2014 17:39,346,497,910
9/29/2014 16:10,256,717,1087
9/29/2014 14:38,222,434,774
9/27/2014 20:48,958,1574,2032
9/27/2014 17:29,259,861,789
9/27/2014 14:29,206,1125,898
9/26/2014 20:37,710,7784,3738
9/26/2014 18:46,251,1547,1017
9/26/2014 15:52,163,941,745
9/26/2014 14:11,274,1047,914
9/25/2014 22:16,502,6947,8601
9/25/2014 21:23,254,1001,1106
9/25/2014 20:03,282,800,1099
9/25/2014 18:24,266,521,824
9/25/2014 16:52,279,762,973
9/25/2014 15:15,128,450,680
9/24/2014 22:39,267,705,1116
9/24/2014 20:55,290,610,846
9/24/2014 18:05,260,528,772
9/24/2014 15:57,267,541,792
9/24/2014 14:13,262,530,728
9/23/2014 20:39,833,7739,4060
9/23/2014 19:16,261,776,1050
9/23/2014 18:21,349,1744,2102
9/23/2014 18:12,129,565,1005
9/23/2014 17:16,255,964,1441
9/23/2014 17:14,143,681,1028
9/23/2014 17:12,152,967,1220
9/23/2014 17:10,285,4579,3526
9/23/2014 17:09,153,1319,1418
9/23/2014 17:02,76,345,569
9/23/2014 16:29,113,416,699
9/23/2014 14:12,147,451,751
9/23/2014 0:49,297,1166,1033
9/22/2014 21:53,280,2889,876
9/22/2014 20:29,277,1292,1672
9/22/2014 19:08,169,783,906
9/22/2014 14:38,180,401,717
9/20/2014 19:14,316,484,824
9/20/2014 16:48,501,1614,1959
9/19/2014 19:23,274,873,1119
9/19/2014 19:05,158,1421,1846
9/19/2014 18:40,63,481,746
9/19/2014 18:16,64,541,764
9/19/2014 18:05,163,592,831
9/19/2014 16:51,197,1158,1604
9/19/2014 16:42,135,1380,1547
9/19/2014 16:39,94,442,858
9/19/2014 16:35,169,1988,2406
9/19/2014 16:33,195,2472,2628
9/19/2014 16:30,106,1471,1764
9/19/2014 16:26,115,605,973
9/19/2014 16:16,111,408,746
9/19/2014 16:07,87,489,746
9/19/2014 14:17,229,751,1487
9/19/2014 13:13,171,471,789
9/18/2014 23:02,188,372,651
9/18/2014 22:51,105,241,429
9/18/2014 21:13,217,344,610
9/18/2014 18:04,211,640,1027
9/18/2014 17:34,79,744,954
9/18/2014 15:26,227,813,1176
9/18/2014 13:58,198,398,788
9/17/2014 21:52,315,1117,1606
9/17/2014 20:24,251,503,986
9/17/2014 19:05,128,1089,1407
9/17/2014 18:00,153,471,969
9/17/2014 16:03,101,281,564
9/17/2014 14:33,128,440,766
9/16/2014 22:00,390,1641,1955
9/16/2014 20:05,114,312,584
9/16/2014 17:01,129,428,422
9/16/2014 16:11,202,482,812
9/16/2014 14:52,233,1341,1235
9/15/2014 21:09,379,1999,2297
9/15/2014 19:24,141,323,647
9/15/2014 17:55,123,372,776
9/15/2014 16:51,238,427,860
9/15/2014 14:51,123,336,704
9/13/2014 15:25,596,547,1004
9/12/2014 21:05,494,1040,1585
9/12/2014 19:44,171,611,1170
9/12/2014 19:00,266,389,724
9/12/2014 17:49,180,247,547
9/12/2014 16:19,419,791,1199
9/12/2014 16:15,100,392,788
9/12/2014 16:12,81,376,768
9/12/2014 16:08,54,266,639
9/12/2014 16:06,96,385,781
9/12/2014 16:03,51,199,566
9/12/2014 15:56,98,426,778
9/12/2014 15:49,44,231,556
9/12/2014 15:33,173,722,1129
9/12/2014 15:03,120,590,951
9/11/2014 21:42,427,533,839
9/11/2014 18:02,412,4256,5539
9/11/2014 15:07,770,8860,8742
9/11/2014 2:24,351,735,1073
9/11/2014 1:02,311,1053,1315
9/10/2014 21:21,315,958,1005
9/10/2014 17:38,193,1282,1176
9/10/2014 15:57,198,576,960
9/9/2014 22:34,286,404,767
9/9/2014 21:25,354,1146,1178
9/9/2014 19:46,227,1317,1360
9/9/2014 17:27,314,1226,1549
9/9/2014 16:04,196,797,989
9/8/2014 19:40,434,950,1409
9/8/2014 18:30,219,348,677
9/8/2014 16:47,111,441,801
9/8/2014 15:13,147,298,575
9/6/2014 17:32,567,937,1518
9/6/2014 15:10,426,987,1754
9/6/2014 13:59,174,394,813
9/5/2014 21:48,356,628,1160
9/5/2014 20:44,137,563,680
9/5/2014 19:41,447,1514,1827
9/5/2014 18:30,299,1251,1548
9/5/2014 15:24,264,328,723
9/4/2014 23:11,110,972,1712
9/4/2014 20:58,332,463,903
9/4/2014 19:58,155,375,723
9/4/2014 18:38,315,837,1124
9/4/2014 14:39,253,308,679
9/3/2014 21:42,124,417,528
9/3/2014 19:53,290,423,847
9/3/2014 18:52,252,450,784
9/3/2014 17:07,433,1215,1899
9/3/2014 15:03,600,8132,3577
9/2/2014 15:56,302,417,751
9/1/2014 18:49,306,465,939
9/1/2014 14:35,840,3647,6042
8/30/2014 21:52,585,1046,1723
8/30/2014 17:39,699,2268,2996
8/29/2014 17:56,389,446,936
8/29/2014 16:00,275,794,1071
8/28/2014 21:55,396,605,1202
8/28/2014 20:09,213,335,645
8/28/2014 19:19,413,2293,2602
8/28/2014 17:01,452,3778,2288
8/28/2014 15:55,142,250,557
8/27/2014 22:29,346,558,986
8/27/2014 20:37,172,259,624
8/27/2014 18:09,294,340,704
8/27/2014 16:29,131,291,617
8/27/2014 15:10,312,577,995
8/26/2014 21:23,982,11355,5228
8/26/2014 19:51,211,569,942
8/26/2014 17:57,194,1057,1040
8/26/2014 17:13,287,1521,2066
8/26/2014 16:46,190,792,1207
8/26/2014 16:37,202,803,1537
8/26/2014 16:32,139,427,777
8/26/2014 16:05,87,220,453
8/26/2014 15:22,85,197,476
8/25/2014 22:27,529,4930,3059
8/25/2014 21:10,251,399,806
8/25/2014 19:15,198,415,934
8/25/2014 17:57,234,274,625
8/24/2014 21:59,372,1634,2428
8/23/2014 21:49,675,775,1496
8/23/2014 18:57,269,373,705
8/23/2014 13:17,331,393,841
8/22/2014 20:43,386,424,855
8/22/2014 19:09,239,324,762
8/22/2014 17:23,238,5009,2802
8/22/2014 16:32,179,304,683
8/22/2014 15:04,206,320,641
8/21/2014 22:02,418,600,1040
8/21/2014 19:30,304,398,857
8/21/2014 18:25,188,229,623
8/21/2014 16:58,174,253,596
8/21/2014 15:03,391,611,1164
8/20/2014 22:06,462,608,1043
8/20/2014 20:33,309,395,803
8/20/2014 16:52,328,393,788
8/19/2014 21:14,394,381,814
8/19/2014 19:07,432,729,1212
8/19/2014 16:44,183,338,795
8/19/2014 15:45,232,792,996
8/18/2014 20:27,495,628,1062
8/16/2014 21:08,837,1181,1753
8/16/2014 14:15,408,842,1443
8/15/2014 20:16,536,1520,2155
8/15/2014 18:02,531,2103,2377
8/15/2014 16:21,206,261,721
8/15/2014 15:15,509,2009,2273
8/14/2014 16:50,583,1243,961
